-- ----------------------------
-- Records of bpa_base_info
-- ----------------------------
INSERT INTO `bpa_base_info` VALUES ('AC0B816292C049B08ACA321388C0C502', 'demo', 'demo', '2', null, '2020-12-10', '10', null, 'Y', 'agent01');

-- ----------------------------
-- Records of bpa_inst_task
-- ----------------------------
INSERT INTO `bpa_inst_task` VALUES ('20201111231904333', 'DCF4E76CD4A04D4BA29DC5FC366E09E6', '代码部署插件(SSH)', 'C8E8E4022A394CDD81131B17FE6FDE1A', '2020-11-11', null, '02', '代码部署插件(SSH)', null, null, null, null, '0', '0', null, null, '{\"serverUserName\":\"root\",\"serverPwd\":\"lwc123456\",\"appArtifactLocation\":\"D:\\\\Project\\\\Git\\\\bpm-parent\\\\bpm-console\\\\\\\\target\\\\\\\\demo.war\",\"appName\":\"demo\",\"tomcatVersion\":\"Tomcat 8.5.8\",\"serverIp\":\"127.0.0.1\",\"tomcatPort\":\"8080\"}');


INSERT INTO `s_param_info` (`param_code`, `param_name`, `param_value`, `param_scope`, `subs_code`, `plugin_id`, `remark`) VALUES ('localPath', '本地仓库路径', 'D:\\\\Project\\\\Git', '1', '', 1071, '');
INSERT INTO `s_param_info` (`param_code`, `param_name`, `param_value`, `param_scope`, `subs_code`, `plugin_id`, `remark`) VALUES ('mavenHome', 'maven可执行文件路径', 'D:\\\\Tool\\\\Work\\\\maven\\\\apache-maven-3.6.3', '1', '', 1071, '');
INSERT INTO `s_param_info` (`param_code`, `param_name`, `param_value`, `param_scope`, `subs_code`, `plugin_id`, `remark`) VALUES ('mavenSettings', 'maven本地配置文件', 'D:\\\\Tool\\\\Work\\\\maven\\\\apache-maven-3.6.3\\\\myconf\\\\settings.xml', '1', '', 1071, '');


-- ----------------------------
-- Records of bpm_base_info
-- ----------------------------
INSERT INTO `bpm_base_info` (`bpm_id`, `bpm_name`, `equally_task_amount`, `is_run_again`, `table_model_id`, `table_model_code`, `table_model_name`, `create_user`, `create_time`, `last_update_user`, `last_update_time`, `bpm_type`, `bpm_version`, `bpm_state`, `subs_code`, `category_tag`, `agent_id`, `bpm_code`, `effect_state`, `latest_state`) VALUES ('AC0B816292C049B08ACA321388C0C502', 'demo', '10', 'Y', NULL, NULL, NULL, 'admin', '2020-12-10 11:09:38', 'admin', '2020-12-10 11:09:38', '1', '0.0.1', '1', 'demo', 'continuous', NULL, 'demo', 'Y', 'N');
INSERT INTO `bpm_base_info` (`bpm_id`, `bpm_name`, `equally_task_amount`, `is_run_again`, `table_model_id`, `table_model_code`, `table_model_name`, `create_user`, `create_time`, `last_update_user`, `last_update_time`, `bpm_type`, `bpm_version`, `bpm_state`, `subs_code`, `category_tag`, `agent_id`, `bpm_code`, `effect_state`, `latest_state`) VALUES ('04C250B22ED0492BBB2ED2D5072F8B8B', '业务测试定时备份服务', '10', 'Y', NULL, NULL, NULL, 'admin', '2020-11-11 21:57:06', 'admin', '2020-11-11 22:46:09', '1', '0.0.1', '1', 'demo', 'dataBackup', NULL, 'devops_mysqlbackup', 'Y', 'Y');
INSERT INTO `bpm_base_info` (`bpm_id`, `bpm_name`, `equally_task_amount`, `is_run_again`, `table_model_id`, `table_model_code`, `table_model_name`, `create_user`, `create_time`, `last_update_user`, `last_update_time`, `bpm_type`, `bpm_version`, `bpm_state`, `subs_code`, `category_tag`, `agent_id`, `bpm_code`, `effect_state`, `latest_state`) VALUES ('7589B638A504439AB196611B63C8AF3F', 'bpm-console应用持续部署流程', '10', 'Y', NULL, NULL, NULL, 'admin', '2020-11-23 16:22:49', 'admin', '2020-11-23 16:22:49', '1', '0.0.4', '1', 'bfp', 'continuous', NULL, 'bpm-console', 'Y', 'Y');
INSERT INTO `bpm_base_info` (`bpm_id`, `bpm_name`, `equally_task_amount`, `is_run_again`, `table_model_id`, `table_model_code`, `table_model_name`, `create_user`, `create_time`, `last_update_user`, `last_update_time`, `bpm_type`, `bpm_version`, `bpm_state`, `subs_code`, `category_tag`, `agent_id`, `bpm_code`, `effect_state`, `latest_state`) VALUES ('778CB183980F45B8A0B83D03F6A0B8BB', 'demo', '10', 'Y', NULL, NULL, NULL, 'admin', '2020-12-14 09:37:01', 'admin', '2020-12-14 09:37:01', '1', '0.1.3', '1', 'demo', 'continuous', NULL, 'demo', 'Y', 'Y');
INSERT INTO `bpm_base_info` (`bpm_id`, `bpm_name`, `equally_task_amount`, `is_run_again`, `table_model_id`, `table_model_code`, `table_model_name`, `create_user`, `create_time`, `last_update_user`, `last_update_time`, `bpm_type`, `bpm_version`, `bpm_state`, `subs_code`, `category_tag`, `agent_id`, `bpm_code`, `effect_state`, `latest_state`) VALUES ('AEB65DE74CF745919B0F20784C53CD26', '批次信息定时备份服务', '10', 'Y', NULL, NULL, NULL, 'admin', '2020-11-11 23:29:41', NULL, NULL, '1', '0.0.0', '0', 'demo', 'dataBackup', NULL, 'batch_mysqlbackup', 'Y', 'Y');

-- ----------------------------
-- Records of bpm_linked_info
-- ----------------------------
INSERT INTO `bpm_linked_info` VALUES ('0028D425A20F4687AEE777DCE21DCABA', null, 'B1820F1060024508BFDB2FCA15683A83', '85FEDF5788884AF6AF0033EC798804AF', 'ssh-->end', '315', '332', '315', '352');
INSERT INTO `bpm_linked_info` VALUES ('01890404DD504AA293244E98FD715059', null, '62D7F2BC470E4404B30473E643ACD406', '5DEDBBD7DF484F10842C3111BA7DF908', 'ssh-->end', '314', '366', '314', '418');
INSERT INTO `bpm_linked_info` VALUES ('02C9E395E2E749E5833200FAA0AD9A35', null, '85FEDF5788884AF6AF0033EC798804AF', 'DAA9035304104C859B727E65961A0F1D', 'ssh-->end', '315', '365', '315', '418');
INSERT INTO `bpm_linked_info` VALUES ('0857BC407E66470E829497DBBFCC386C', null, '80EA51A817EE486EB6C82B21B8D3575F', '7CAED89D6B944D4BA4CEBED0C1D8488C', 'start-->git', '314', '66', '314', '118');
INSERT INTO `bpm_linked_info` VALUES ('0AC9C50D51684937806FAE9CF0063614', null, '7B40EA468DEF4D2A8FBDA0FB733A45D1', 'D959815F4B8244F384FAD8E7F880D535', 'start-->git', '314', '66', '314', '118');
INSERT INTO `bpm_linked_info` VALUES ('0B301EDD76984EA7942312A7526388F8', null, '5AB19D7C65EB406B946E33D773779308', '7D75E18A93994CD2BEF3A0BCA43AD188', 'maven-->ssh', '314', '266', '314', '318');
INSERT INTO `bpm_linked_info` VALUES ('0C2C24F9510A4A99A243D9244145CEBB', null, 'E25FDDF1B3264D2C91EE3F88ADA5EE6B', 'E11001B8FADC4D8C9840C9B009BD811A', 'ssh-->end', '314', '366', '314', '418');
INSERT INTO `bpm_linked_info` VALUES ('0DB995CDCD804A36947E86C16C6B01EC', null, '7A994A22679146D5943423C1BBCFAEAD', 'F5EFEFC802A2408C8ADBC18C7BFD0C36', 'maven-->ssh', '314', '266', '315', '352');
INSERT INTO `bpm_linked_info` VALUES ('11AA242818C54954A5AD8C68F018BB86', null, '606E9EF2A9A44D3AB32A8EDE75A8E8A9', 'F249E60B2E5C48D3A137B0840796D72E', 'mysql-->end', '314', '166', '314', '218');
INSERT INTO `bpm_linked_info` VALUES ('131BA7D2D5AB478FBCFBE307A65DF1EA', null, '101AC969A7D745C5B879D9F0CBE46970', 'A570EC11670A4C58A486BB8EA0BC7A37', null, '320', '249', '314', '287');
INSERT INTO `bpm_linked_info` VALUES ('13523761AF88401E9280619324CBA633', null, '4269BD2C34C94E2CB470432F0CB36C03', '5A98A497944E409782D27F2FCAB41BB8', 'git-->maven', '314', '166', '314', '218');
INSERT INTO `bpm_linked_info` VALUES ('13A7BB69DCD34814B4429E84A08F1A44', null, '673D316FEF4E4B0BBEDF5B8EAAFF9FB5', '0B71A2338D514FA2AD9804171D039CA8', 'maven-->ssh', '314', '266', '314', '318');
INSERT INTO `bpm_linked_info` VALUES ('1607E437AB774DDA85434144DA84CE08', null, '8B69FB2BBFAA43E89D1DF856EA723285', 'ED00B634C4424761BB2B5D56BA2B5865', 'start-->git', '314', '66', '314', '118');
INSERT INTO `bpm_linked_info` VALUES ('173750A74D09455D8040B3465E624AC6', null, 'BA542A7FAE9D40B0838DF72A9F34BD0F', 'CA5468F6D5A14E9C83D470DA73E49978', 'mysql-->end', '314', '166', '314', '218');
INSERT INTO `bpm_linked_info` VALUES ('17ADD2BEF2B34975861821349B0B185B', null, 'C1839600C8604D1D84159886A2CDE2EA', '49207D094F404C8FBD9AA582DFF0C48B', 'git-->maven', '314', '166', '314', '218');
INSERT INTO `bpm_linked_info` VALUES ('181549BC437A4B5BBFE220496CA87483', null, '5814694D4A034523A6251D39371D5D58', '673D316FEF4E4B0BBEDF5B8EAAFF9FB5', 'git-->maven', '314', '166', '314', '218');
INSERT INTO `bpm_linked_info` VALUES ('1924328BD459452BA41AEF350F696E97', null, '49207D094F404C8FBD9AA582DFF0C48B', 'DCF4E76CD4A04D4BA29DC5FC366E09E6', 'maven-->ssh', '314', '266', '314', '318');
INSERT INTO `bpm_linked_info` VALUES ('1948AD9D5BC04BB4B22AE96461EE9AF6', null, 'D839C991209B4D62817A308560377ACD', '03A72FF7CA824B7B8C87CE8878C2819A', 'ssh-->end', '314', '366', '314', '418');
INSERT INTO `bpm_linked_info` VALUES ('1BE216B958DB4D5D88283FA3B82B4367', null, '202EB76194A44C149CA4E68BF0A4055E', '118B604C36BF46EC8D673D8A184E3D7B', 'maven-->ssh', '314', '266', '315', '352');
INSERT INTO `bpm_linked_info` VALUES ('1C59FC9BC7B8482380C2DFC21B85B7D7', null, '45040F3ACECF41BBB3A637336163AA2F', 'C1839600C8604D1D84159886A2CDE2EA', 'start-->git', '314', '66', '314', '118');
INSERT INTO `bpm_linked_info` VALUES ('1E79E46BB5614F1190877035B070F748', null, '4183A5C5F3754A2CA6105A3B3DCCB8A1', '429DD061B7D14F3AB545E9B82928008E', 'start-->git', '314', '66', '314', '118');
INSERT INTO `bpm_linked_info` VALUES ('1EB67B924A1D433889F532808F87AEE2', null, 'AE2B6BD3E31A4C749CC7E8BA01ABD966', 'F9F8FEE42F7344F8A993525F3CF86CC5', 'git-->maven', '314', '166', '314', '218');
INSERT INTO `bpm_linked_info` VALUES ('22BFF87012464577807026E5C6512051', null, '9226BFCD28244E8C9013CBBD183F4F2D', 'AC0C34B73DD445A1914E29D5B943D9C9', 'start-->git', '314', '66', '314', '118');
INSERT INTO `bpm_linked_info` VALUES ('25C8909179EF40AEBB05BC68291D10A2', null, '7B057A7CEDBD4AE3AD5E48A1FF1ECF08', '87FFAD91C4AD4094B7AF08AE9E5524A6', 'git-->maven', '314', '166', '314', '218');
INSERT INTO `bpm_linked_info` VALUES ('25FE15A6EE71407F93457D165D6E7160', null, '3223AF714A064418AC20F222442325D5', '7852A0A6A99C4F9CB6D90F8354D8446F', 'git-->maven', '314', '166', '314', '218');
INSERT INTO `bpm_linked_info` VALUES ('26AB952B9661453A8C59B123D18431A4', null, 'E4BD7C3170F34F1E81D48B83EA72EC6A', '3223AF714A064418AC20F222442325D5', 'start-->git', '314', '66', '314', '118');
INSERT INTO `bpm_linked_info` VALUES ('2796371AB9DC470DBA674DE094EF2F57', null, '6556114C02DF433A9BA69462B0F7B3AE', '7B057A7CEDBD4AE3AD5E48A1FF1ECF08', 'start-->git', '314', '66', '314', '118');
INSERT INTO `bpm_linked_info` VALUES ('2B8F7254EF0247E7A364B793E682E31E', null, 'B7CC06707992489787888DB82D7284A9', '2126D9D0F02449E2AB958FF168B92648', 'maven-->ssh', '314', '266', '314', '318');
INSERT INTO `bpm_linked_info` VALUES ('2CC54956FFC34B88A120C60F3823D96D', null, '6CA8BE9647ED4751B0076AC93784E870', '68EC62595FE44A0F837291F0ED4818BE', 'ssh-->end', '314', '366', '314', '418');
INSERT INTO `bpm_linked_info` VALUES ('2D2CF7FFAB2B469EA454D5056BA2A762', null, '8011647E5E2649B3A13C128DFC317C17', '9AD03C9B927A4F9BA621EEE654E784E2', 'git-->maven', '314', '166', '314', '218');
INSERT INTO `bpm_linked_info` VALUES ('30AC8E1FF94B4860A8C82CF9AAF5B8AB', null, '9AD03C9B927A4F9BA621EEE654E784E2', 'BCD3D4133DAB429B826F0E3F0BC8DF45', 'maven-->ssh', '314', '266', '314', '318');
INSERT INTO `bpm_linked_info` VALUES ('33EF201E3EA543FC95CBA3482B424BE4', null, '2CF3697E67A44CAEA0CC4767F5AA1039', '8011647E5E2649B3A13C128DFC317C17', 'start-->git', '314', '66', '314', '118');
INSERT INTO `bpm_linked_info` VALUES ('35F696F340C84A4CAF1CA72750062664', null, '7CAED89D6B944D4BA4CEBED0C1D8488C', 'FA558E5376704F5A8963BC96DE6087BE', 'git-->maven', '314', '166', '314', '218');
INSERT INTO `bpm_linked_info` VALUES ('36A5360E2B6C410EBCD9515C0D734E7F', null, 'AF2FB8512A5C48F48EAEDD86ACF2AB41', '6B2AAA01BFFE410D9521B6770B526849', 'maven-->ssh', '314', '266', '314', '318');
INSERT INTO `bpm_linked_info` VALUES ('36C7B2C6CF974146BCF56D2B46AFA6A3', null, 'D1E176C4A6B94517B2D9D75FDA2E19FC', '42BC8D2C369F466EA430B6957E41ECED', 'start-->git', '314', '66', '314', '118');
INSERT INTO `bpm_linked_info` VALUES ('372CC59CB9E844A19A10B66842A8ECEF', null, 'E102C7BEB3B0432E940D975A730D250C', 'B83F6AE011DB4ABE8D7BBE1B681E8BE0', 'maven-->ssh', '314', '266', '314', '318');
INSERT INTO `bpm_linked_info` VALUES ('38F07A91870F420F8B56939BEE6B32AC', null, 'E57C13F6B0234DE4AEB329BDA194AA7F', '37F6019810BF4894837761DB18AB48CB', 'start-->git', '314', '66', '314', '118');
INSERT INTO `bpm_linked_info` VALUES ('393AA9D4A18341629ABDB73AA1E6C86E', null, 'E830F6700D78434CB15EB32EAF235E57', 'B1820F1060024508BFDB2FCA15683A83', 'maven-->ssh', '314', '266', '315', '352');
INSERT INTO `bpm_linked_info` VALUES ('39C95696AA1147D2A69729CC543E374D', null, '42BC8D2C369F466EA430B6957E41ECED', 'B7CC06707992489787888DB82D7284A9', 'git-->maven', '314', '166', '314', '218');
INSERT INTO `bpm_linked_info` VALUES ('3A3314264CEB4860AB7ABA78F1D09FBE', null, '007A0D6138A9400B8815869BAF496210', '094393C42953428F8D2195644411F484', 'ssh-->end', '314', '366', '314', '418');
INSERT INTO `bpm_linked_info` VALUES ('3ACA622637C046EC8D12710FC023962F', null, '33594172B9E24FF19D7C661DB249FD00', '5814694D4A034523A6251D39371D5D58', 'start-->git', '314', '66', '314', '118');
INSERT INTO `bpm_linked_info` VALUES ('3B8911A2294F46A6B867EB268EC06EBB', null, '05CBD74823AD45FF95AE83FBDBBC7F4E', '11A5F089240946D59B84ACC11B29420F', 'git-->maven', '314', '166', '314', '218');
INSERT INTO `bpm_linked_info` VALUES ('3F44E7CA60AC4D11839F109064E8A3AC', null, '77A463E1F5B94CDF85E1AC15803EDF06', 'C533B23AF1364052945267DAF7E26CCB', 'start-->git', '314', '66', '314', '118');
INSERT INTO `bpm_linked_info` VALUES ('46D0D51E7F234BAA8CDD9FCA10683F59', null, '3A57E032020847118D74F9F9AAE53218', '990F883C2C1C4C0C89D40240D34A702D', 'ssh-->end', '314', '366', '314', '418');
INSERT INTO `bpm_linked_info` VALUES ('4A26B923A1EF472596E1A4316E4EC4A1', null, '2F841CE4E777484DAEE98BFF7E40D41A', '36F7B8072F334095A7AC0B627CEBD397', 'start-->git', '314', '66', '314', '118');
INSERT INTO `bpm_linked_info` VALUES ('4BE4F557DF644D5CA9E96514E84A2BAC', null, '671BC17CCA91481CBCC3C5F405BA163E', '7D8B94E4E4EB43B6BF4F9ADEC79CC65E', 'maven-->ssh', '314', '266', '314', '318');
INSERT INTO `bpm_linked_info` VALUES ('4F2C1680D70C424EAC452FC13DBB4D73', null, '043A5070EEE940D8A2D099114AF4A71F', '255CAF3C5F0946629A1AE496DC8EA55B', 'maven-->ssh', '314', '266', '314', '318');
INSERT INTO `bpm_linked_info` VALUES ('50C47CFE2ADE49F9A54B7E2391EE0F11', null, 'E6995C2950644AF59241D352E5A41C02', '35A5B90BA497498FA501A88E88093E67', 'git-->maven', '314', '166', '314', '218');
INSERT INTO `bpm_linked_info` VALUES ('53770E2A063A47B6BF04C8BF4FC01B06', null, '4AF15844199B48B5A2010673EE330811', 'C9F64035AF624F57BE7582986285CBFC', 'start-->git', '314', '66', '314', '118');
INSERT INTO `bpm_linked_info` VALUES ('53996A8D3A82474FB09DAFCB75230A72', null, '370118F375A343C49414C1865CB0A593', '1B97DD86D548444E9DCD7CCE50663D88', 'ssh-->end', '315', '365', '315', '418');
INSERT INTO `bpm_linked_info` VALUES ('53D40F59399A49CD8200B8AAF435EF35', null, '5E0EA1500C1A49A79E5CE4A842CCA40C', '88F7F8538C304ABD96F7EDECF1146A67', 'ssh-->end', '314', '366', '314', '418');
INSERT INTO `bpm_linked_info` VALUES ('5642CB26DEEB4CD2BAD1785127A2BCE9', null, 'AD8E1B33D23544538C213DDFD0A247BF', '671BC17CCA91481CBCC3C5F405BA163E', 'git-->maven', '314', '166', '314', '218');
INSERT INTO `bpm_linked_info` VALUES ('57F7C590D97549A09925D4F36E3E6A90', null, '4E9AB5FC8765424895C8F81B973E678B', '8AC0E38C7D1B4F5BACF878FAD88D2923', 'maven-->ssh', '314', '266', '314', '318');
INSERT INTO `bpm_linked_info` VALUES ('5996530424AA44428E8A85EF27E3B751', null, 'A570EC11670A4C58A486BB8EA0BC7A37', '1E4B50EDB2D54510BA7DB1763169BBEF', null, '313', '335', '314', '418');
INSERT INTO `bpm_linked_info` VALUES ('59C32FD23F7D4F6C95612229643CE7F7', null, '7B57487905314214845F2B30D8649629', '35FD02104B96426297CF027A634021D3', 'start-->mysql', '314', '66', '314', '118');
INSERT INTO `bpm_linked_info` VALUES ('5B6327A4718C47E2AD28E192907CFB93', null, 'BCD3D4133DAB429B826F0E3F0BC8DF45', '2E8AC81D05D34E1988C4699BA7BECB7F', 'ssh-->end', '314', '366', '314', '418');
INSERT INTO `bpm_linked_info` VALUES ('5B92C17735D1446FB610C68FF07849B1', null, '1D62D5FE85894845BE7B238DA1981B3A', 'D0D8EA0792B142FFBF43F1CF4566196B', 'ssh-->end', '315', '332', '315', '352');
INSERT INTO `bpm_linked_info` VALUES ('5DD098500D854A8EB879B84CB42C2D27', null, 'CC224D03D3FF452CBEC35C40DBFDE9E3', '50B67AF1FE974FDA83F36108C7AF3E24', 'start-->git', '314', '66', '314', '118');
INSERT INTO `bpm_linked_info` VALUES ('5F88A51F167F49D4948F02F6767DF5FC', null, '62FF795703924876ACE6EB6AA7C522FE', '82A8F4CC5916465F90F4A8F0ACC63B55', 'start-->git', '314', '66', '314', '118');
INSERT INTO `bpm_linked_info` VALUES ('5F8FD0FD6F164056BED156AD46156AEF', null, 'FF496C0BA2204478BD414D9E8B2CCFBD', '509B7CF3389C4BB0BD5F5B41290A770A', 'ssh-->end', '314', '366', '314', '418');
INSERT INTO `bpm_linked_info` VALUES ('5FC3E28AA6DA473BA4E2B6CBF6CAF8FB', null, '7852A0A6A99C4F9CB6D90F8354D8446F', '13DD5E63241A432B856E67D79628EDF0', 'maven-->ssh', '314', '266', '314', '318');
INSERT INTO `bpm_linked_info` VALUES ('63B89682E5C64B89AE81F738B641F29A', null, '1BDA3F583FD34DA2A087E4ADB0519A97', 'F4822990231A4B78B00E1729DFBEC469', 'maven-->ssh', '314', '266', '314', '318');
INSERT INTO `bpm_linked_info` VALUES ('64A4668D54AB4BA5846A01C9BD228BD6', null, '24768BE1D9FC48258FC6D5B4D3384439', 'AFD28C6062054D009476B5B18496EB5B', 'maven-->ssh', '314', '266', '314', '318');
INSERT INTO `bpm_linked_info` VALUES ('6567B5DCAD3D4577A6397219001A58A0', null, 'AC0C34B73DD445A1914E29D5B943D9C9', 'E830F6700D78434CB15EB32EAF235E57', 'git-->maven', '314', '166', '314', '218');
INSERT INTO `bpm_linked_info` VALUES ('65CE9F5D18674AF1970873EE9630B216', null, 'BA8E101D4D9C4B01868044E1FB200C61', 'AC72411601F3457DA62DDC464CEB85C9', 'start-->git', '314', '66', '314', '118');
INSERT INTO `bpm_linked_info` VALUES ('66AF97938EA64A7193A6E7CE7238C9C1', null, '197A244E670243E18B7B4443E30B6B4D', 'AE2B6BD3E31A4C749CC7E8BA01ABD966', 'start-->git', '314', '66', '314', '118');
INSERT INTO `bpm_linked_info` VALUES ('68D65716AF6C44EDB460FADE7A346303', null, '3904D6E39FA4442DA89B46894757D083', '2CB46EAF25F543138EA9EA6F1595C774', 'start-->git', '314', '66', '314', '118');
INSERT INTO `bpm_linked_info` VALUES ('6AA1CEEF09014583A0B3069E089914E6', null, 'A4CD899F43174FA99DBEF2D7B3A43325', '6E8B4B0AC3464985B84A98CC24AFFEEA', 'start-->mysql', '314', '66', '314', '118');
INSERT INTO `bpm_linked_info` VALUES ('6B1279228AB448AAA7D8196268A100EE', null, 'C9F64035AF624F57BE7582986285CBFC', '4F95857E875743CCBE45D885875169E5', 'git-->maven', '314', '166', '314', '218');
INSERT INTO `bpm_linked_info` VALUES ('6C555404CACC46439539E9CA99730CB8', null, '302B99C50E654C01B30D296B59A9B543', '1BDA3F583FD34DA2A087E4ADB0519A97', 'git-->maven', '314', '166', '314', '218');
INSERT INTO `bpm_linked_info` VALUES ('6C81468CF4404A60A08930A652308BDE', null, 'D959815F4B8244F384FAD8E7F880D535', 'DCC5E3CFC1B549C99596C4DA371FEBB9', 'git-->maven', '314', '166', '314', '218');
INSERT INTO `bpm_linked_info` VALUES ('6C90587CE89943F88F30708E6F52648D', null, '5EFE0F9F1270453FA4C7133B5EEAE621', 'F2BFB261864F453DB0DDF63C819AB8DC', 'mysql-->end', '314', '166', '314', '218');
INSERT INTO `bpm_linked_info` VALUES ('6D0E906137E548729C36192DE63768D5', null, 'AE7BEC37F44446EFB1E26EEEF4F9A687', '9C4BA6A037524E629C492F9A5BB62C55', 'start-->git', '314', '66', '314', '118');
INSERT INTO `bpm_linked_info` VALUES ('6D4EE4C47A394D96A3CD3419D4CDBD9E', null, '0B71A2338D514FA2AD9804171D039CA8', 'FFCDDEEC2BB343EE919A7A01018435C2', 'ssh-->end', '314', '366', '314', '418');
INSERT INTO `bpm_linked_info` VALUES ('6D8DFB4D1C544F5F95BC2ECC3101EF11', null, 'FF75EAE3B58D45AA94C1136A9F9FAFF5', 'B06056A780F44714B0B2F68D89147C47', 'start-->git', '314', '66', '314', '118');
INSERT INTO `bpm_linked_info` VALUES ('6DAD09F253E046D4B0C42D0CC631B0BB', null, '0211F514B5B449FD8A34288F416B8E7C', 'D902FCEB511B4321912E5CD7B9DFC758', 'start-->git', '314', '66', '314', '118');
INSERT INTO `bpm_linked_info` VALUES ('6E1A16CCFD59453097FB97424D790034', null, 'C6CC682B13D64CDAB4A96F3E80F4E240', '87EAF21C38FD4525AA53E12E5EF4899A', 'mysql-->end', '314', '166', '314', '218');
INSERT INTO `bpm_linked_info` VALUES ('6E74EEED6C0840ABAEB57721E1DCBD39', null, '7D75E18A93994CD2BEF3A0BCA43AD188', '9CD3AE5620454C3DAC0F2A3F5C2F14D1', 'ssh-->end', '314', '366', '314', '418');
INSERT INTO `bpm_linked_info` VALUES ('6FF74B9FF0E34F23975DFB23238F3B33', null, '11A5F089240946D59B84ACC11B29420F', '198EF8BC718A422ABC89A43EA51F7D84', 'maven-->ssh', '314', '266', '314', '318');
INSERT INTO `bpm_linked_info` VALUES ('708755DDD1CF454A80466AAF27CCE647', null, '7D8B94E4E4EB43B6BF4F9ADEC79CC65E', '15456ABD994B47D39E4A3904ADCAE5EE', 'ssh-->end', '314', '366', '314', '418');
INSERT INTO `bpm_linked_info` VALUES ('735FB4EDFAE245A7A318FE2E06862C2D', null, '7BD734EF4FB74FEB94CD2B625CE03778', '5EFE0F9F1270453FA4C7133B5EEAE621', 'start-->mysql', '314', '66', '314', '118');
INSERT INTO `bpm_linked_info` VALUES ('762BEE053F134C14B7CB96D078456041', null, '13DD5E63241A432B856E67D79628EDF0', '3C780B444AC14CCC86C9FB9A8066BCF5', 'ssh-->end', '314', '366', '314', '418');
INSERT INTO `bpm_linked_info` VALUES ('77C562DCA3EC4447929D5F140C0FADD9', null, '6D081E8D82E7420298C9AF59BCA7B0D5', '0C98EB0FC5EB4788AF771AEBEFDB6F0C', 'ssh-->end', '314', '366', '314', '418');
INSERT INTO `bpm_linked_info` VALUES ('7821D978335A41868CDFD8DC623938A3', null, '55246B3E076343E4B92218902B787C55', '89E71B36896342B78F62BBC99BC9C5C0', 'git-->maven', '314', '166', '314', '218');
INSERT INTO `bpm_linked_info` VALUES ('785E1942093D43EE90A889EDB26E416A', null, 'AC72411601F3457DA62DDC464CEB85C9', '101AC969A7D745C5B879D9F0CBE46970', null, '316', '166', '320', '201');
INSERT INTO `bpm_linked_info` VALUES ('789124A1C8E44BF2BB94B1223AA6D582', null, '6928BA25DF6E48B5A57FBEB8C70D9FFE', '6CA8BE9647ED4751B0076AC93784E870', 'maven-->ssh', '314', '266', '314', '318');
INSERT INTO `bpm_linked_info` VALUES ('7DDADCF08116437D8484838563F4F187', null, '5A98A497944E409782D27F2FCAB41BB8', '19168210BCA64E839A5F8BC1CA3D8BA7', 'maven-->ssh', '314', '266', '314', '318');
INSERT INTO `bpm_linked_info` VALUES ('7EC50F8889D8415AA661C63AD7509189', null, 'FA558E5376704F5A8963BC96DE6087BE', '76363FAB552D4F878C08325F8C694BC5', 'maven-->ssh', '314', '266', '314', '318');
INSERT INTO `bpm_linked_info` VALUES ('81F191FFE507488287519688FCD10979', null, '6F2AE70D41514494AA6DC41635041429', '05CBD74823AD45FF95AE83FBDBBC7F4E', 'start-->git', '314', '66', '314', '118');
INSERT INTO `bpm_linked_info` VALUES ('858F845E014F4E16B3FFA927283586EC', null, 'FD0347A608B3437DB5959DF01B5A65A9', 'AD8E1B33D23544538C213DDFD0A247BF', 'start-->git', '314', '66', '314', '118');
INSERT INTO `bpm_linked_info` VALUES ('8803C377B323488C8436BAA6AEE1200D', null, 'F9220EBD64EC4DFC87393CED71B3B044', '41AD37539D494442985051AAAD3A7D1C', 'ssh-->end', '314', '366', '314', '418');
INSERT INTO `bpm_linked_info` VALUES ('8AA762F71E3D4E3EACF5FD84D984A0AE', null, '3997F1976038442489A7F47104E4CBE3', '302B99C50E654C01B30D296B59A9B543', 'start-->git', '314', '66', '314', '118');
INSERT INTO `bpm_linked_info` VALUES ('8D195E17AF6C4CB5AA8D768A829B2884', null, '76363FAB552D4F878C08325F8C694BC5', '6E40D7E11ACE47DE9AF39BF2890DFD25', 'ssh-->end', '314', '366', '314', '418');
INSERT INTO `bpm_linked_info` VALUES ('8ED86FA610BF4CFC90453741F739F11C', null, 'D0D8EA0792B142FFBF43F1CF4566196B', '5E052A54E0A742F3B4FBA8E9BC620D84', 'ssh-->end', '315', '365', '315', '418');
INSERT INTO `bpm_linked_info` VALUES ('90D95E2F00A24A46A016BE636A37F127', null, 'F1AE54733B6B45DEBE40B21BFD5CFE6B', 'C6CC682B13D64CDAB4A96F3E80F4E240', 'start-->mysql', '314', '66', '314', '118');
INSERT INTO `bpm_linked_info` VALUES ('923D1E42A5714350B8DE21DB8409A30F', null, '6B2AAA01BFFE410D9521B6770B526849', '232A8D47118F41B3A8F95DFAE5D8C17D', 'ssh-->end', '314', '366', '314', '418');
INSERT INTO `bpm_linked_info` VALUES ('926360F05874401AA1CA8DC88CA407E7', null, 'CFA80282B4D74F9E80430C24B32B4F6D', '9D11D7EBF7E746F6A8A35BB0A5FBF711', 'start-->mysql', '314', '66', '314', '118');
INSERT INTO `bpm_linked_info` VALUES ('9273D5A3683044BE8475C41A483DE393', null, 'DCF4E76CD4A04D4BA29DC5FC366E09E6', '0101770FEFBE439FA167BC4E674ADC3C', 'ssh-->end', '314', '366', '314', '418');
INSERT INTO `bpm_linked_info` VALUES ('928C7B8535C54B98ADE8708AD674907F', null, 'F65E4B8F1FD3406AB0FD0E53F47B3E4A', 'E4E71D06DCDB458CBDA2D82F2A2D942A', 'mysql-->end', '314', '166', '314', '218');
INSERT INTO `bpm_linked_info` VALUES ('92AAD24AD5E44567890000A894510917', null, '494C8D9E048244DAA998722D8F4C3A51', 'E25FDDF1B3264D2C91EE3F88ADA5EE6B', 'maven-->ssh', '314', '266', '314', '318');
INSERT INTO `bpm_linked_info` VALUES ('946F1160C91B4514847A302328C12B30', null, '19168210BCA64E839A5F8BC1CA3D8BA7', '48AC84AC8CD34868A3013DEF82A8F14B', 'ssh-->end', '314', '366', '314', '418');
INSERT INTO `bpm_linked_info` VALUES ('947CB85F3CF941418812293BD55587DB', null, '7BF71F805EB746428D26DEEEE5FAF5EF', 'F65E4B8F1FD3406AB0FD0E53F47B3E4A', 'start-->mysql', '314', '66', '314', '118');
INSERT INTO `bpm_linked_info` VALUES ('983DCFD9594640F89E572CC66CC3D05C', null, '89E71B36896342B78F62BBC99BC9C5C0', '3A57E032020847118D74F9F9AAE53218', 'maven-->ssh', '314', '266', '314', '318');
INSERT INTO `bpm_linked_info` VALUES ('9A9108DB4751463E8649668DF3216211', null, 'B83F6AE011DB4ABE8D7BBE1B681E8BE0', '2DD6B3311F6A44F190A120FA63CB2ECE', 'ssh-->end', '314', '366', '314', '418');
INSERT INTO `bpm_linked_info` VALUES ('9BFD7159A2A74E56A656DD3B62DA9F9A', null, '37F6019810BF4894837761DB18AB48CB', '9102C487F04148EE8FB854362EEF8765', 'git-->maven', '314', '166', '314', '218');
INSERT INTO `bpm_linked_info` VALUES ('9CA83498643E40338B81FE4C3C3D98FB', null, '87FFAD91C4AD4094B7AF08AE9E5524A6', '62D7F2BC470E4404B30473E643ACD406', 'maven-->ssh', '314', '266', '314', '318');
INSERT INTO `bpm_linked_info` VALUES ('9F3B1F64513C4FCF91FACABA3FCB1C26', null, '92F9376C3BC04F0CAB8B4D721156BC1D', 'F496B86B032043DFBFB0FECBAB46C734', 'ssh-->end', '314', '366', '314', '418');
INSERT INTO `bpm_linked_info` VALUES ('A14F0CBD62FD4D18882E6804414285B9', null, '255CAF3C5F0946629A1AE496DC8EA55B', '059954D689204ED899638CD569A83B90', 'ssh-->end', '314', '366', '314', '418');
INSERT INTO `bpm_linked_info` VALUES ('A1642D87916E4FF68A74542171130FDD', null, '1ED8C0D28368438B84216C8968AEDF58', '1A596A17577F4B80A203DED4614E9E5C', 'start-->git', '314', '66', '314', '118');
INSERT INTO `bpm_linked_info` VALUES ('A1E60B684B0D40CCB1BCE15FBA398BDF', null, 'DAB3039C07B3467AA56CB5D42889F4F0', '494C8D9E048244DAA998722D8F4C3A51', 'git-->maven', '314', '166', '314', '218');
INSERT INTO `bpm_linked_info` VALUES ('A3B1697C006A4469802E56E19999BDB5', null, 'E74AF10338354C3DB14168B45D8CB417', '84DECDC769FF45699C3365B108CFDA70', 'start-->git', '314', '66', '314', '118');
INSERT INTO `bpm_linked_info` VALUES ('A46D554ED8D34CA69B337793998FA95E', null, 'DCC5E3CFC1B549C99596C4DA371FEBB9', '007A0D6138A9400B8815869BAF496210', 'maven-->ssh', '314', '266', '314', '318');
INSERT INTO `bpm_linked_info` VALUES ('A5BD55AA98AB47A6AC1FA16DA916DC16', null, '118B604C36BF46EC8D673D8A184E3D7B', '370118F375A343C49414C1865CB0A593', 'ssh-->end', '315', '332', '315', '352');
INSERT INTO `bpm_linked_info` VALUES ('A85BB7872CC24A92B10CF1535E831F24', null, 'C533B23AF1364052945267DAF7E26CCB', '1B2605B435FD4084ABC4F7316F599159', 'git-->maven', '314', '166', '314', '218');
INSERT INTO `bpm_linked_info` VALUES ('A93D5E15B948422FA1A8CF8D73717740', null, '99BFD56C08BC46E9A40773F5DC9E4F90', 'BA542A7FAE9D40B0838DF72A9F34BD0F', 'start-->mysql', '314', '66', '314', '118');
INSERT INTO `bpm_linked_info` VALUES ('A9824225FB9940698A5ADFFF57462D41', null, 'FF9F7ABAAB704DE28C1FC1BE3DEA5E3A', '8ABAB2FA32144425BDC4B80794E3839F', 'mysql-->end', '314', '166', '314', '218');
INSERT INTO `bpm_linked_info` VALUES ('AA5323064C8D4081988526F6E26976BB', null, '82A8F4CC5916465F90F4A8F0ACC63B55', 'E68F887B06774BBAB5422B333C9A21CD', 'git-->maven', '314', '166', '314', '218');
INSERT INTO `bpm_linked_info` VALUES ('AAD809B6707A49668767382398A16A74', null, 'A41D54E15B434219926229F8B7048252', '4E67882B93734C00A8B8669562C9BFF3', 'ssh-->end', '315', '365', '315', '418');
INSERT INTO `bpm_linked_info` VALUES ('AB99BEA6700B4B21884CCAF0A67F00FF', null, '6E8B4B0AC3464985B84A98CC24AFFEEA', '1915D9610EC64F7B9BEF41E71A9F67DF', 'mysql-->end', '314', '166', '314', '218');
INSERT INTO `bpm_linked_info` VALUES ('B09B0883531F48D7BB608E51CB7096A1', null, 'AB0AAED5BB864986B975D4E377E5DD91', '7DD239C5E4BB498ABE08A342E0B6ED58', 'start-->git', '314', '66', '314', '118');
INSERT INTO `bpm_linked_info` VALUES ('B330EAAD94864D0FA81C06B72282FF98', null, '96587BB09ED34F04B7ECFDFC0A43209D', '92F9376C3BC04F0CAB8B4D721156BC1D', 'maven-->ssh', '314', '266', '314', '318');
INSERT INTO `bpm_linked_info` VALUES ('B3FB5C20A3D84703B483C1387C31D63F', null, '845389F9A88446708635BE54E2FF9AF5', 'A3A00507C6BB456D810F03305273E0CB', 'start-->git', '314', '66', '314', '118');
INSERT INTO `bpm_linked_info` VALUES ('B6846ABE9672474693C65F80DECDEE6A', null, '96A28E837B3D466D9851E6CA7D807847', '0B185B9C11D44311B8F9F01638FDC755', 'start-->git', '314', '66', '314', '118');
INSERT INTO `bpm_linked_info` VALUES ('B689F26AC91C4217827ED670E37936CA', null, '84DECDC769FF45699C3365B108CFDA70', 'AF2FB8512A5C48F48EAEDD86ACF2AB41', 'git-->maven', '314', '166', '314', '218');
INSERT INTO `bpm_linked_info` VALUES ('B86E26DC81C847F98E5023F39218E6A7', null, 'F5EFEFC802A2408C8ADBC18C7BFD0C36', 'A41D54E15B434219926229F8B7048252', 'ssh-->end', '315', '332', '315', '352');
INSERT INTO `bpm_linked_info` VALUES ('BD95755F8F474E69A795F35979FC18DB', null, '887D700412804CBD8A18B04EA87EAA29', '3CA524EDC9474A2D8F10CD5B83CB3048', 'ssh-->end', '314', '366', '314', '418');
INSERT INTO `bpm_linked_info` VALUES ('BD9EE0DB36484EAFAA8D2D97709C2705', null, 'AD30F5EAD1B04832B768EC31BD21DD87', 'E773F03ED0F64CE08CF2CE418E8F5673', 'ssh-->end', '314', '366', '314', '418');
INSERT INTO `bpm_linked_info` VALUES ('BDE5B4F150A04B0A955A393D22169C12', null, '4F95857E875743CCBE45D885875169E5', '6D081E8D82E7420298C9AF59BCA7B0D5', 'maven-->ssh', '314', '266', '314', '318');
INSERT INTO `bpm_linked_info` VALUES ('BDF96C2AEF994D4DACFB103748896F3E', null, '8C11AF1B7B544A7984DE0F03B13ED207', '6C8522E53019439C9E6E92C2CEB022B0', 'start-->git', '314', '66', '314', '118');
INSERT INTO `bpm_linked_info` VALUES ('BEBC9825353E4923A684B749BFBC8E91', null, 'F4822990231A4B78B00E1729DFBEC469', '637ED1A0E5B34C0AABD72152618CEF23', 'ssh-->end', '314', '366', '314', '418');
INSERT INTO `bpm_linked_info` VALUES ('BEDB85383EAC4FB6B6C4D1B403AE12BA', null, '05D008E1DAEC435789251B0DE0294164', 'BB2D865A3979417C8CB661558A0FD72B', 'ssh-->end', '314', '366', '314', '418');
INSERT INTO `bpm_linked_info` VALUES ('C159C8416B2642948FBD670CDB203E0A', null, '36F7B8072F334095A7AC0B627CEBD397', '202EB76194A44C149CA4E68BF0A4055E', 'git-->maven', '314', '166', '314', '218');
INSERT INTO `bpm_linked_info` VALUES ('C2446BD31C264DE39B808944D94B6219', null, '23E65B7EB6B4470DAC1F5235FE0C033F', 'E6995C2950644AF59241D352E5A41C02', 'start-->git', '314', '66', '314', '118');
INSERT INTO `bpm_linked_info` VALUES ('C289FC6CE42247BFB47A3C15C358683D', null, '8AC0E38C7D1B4F5BACF878FAD88D2923', '36BEBCC0763E40D8ADD9704D8AEDEE2E', 'ssh-->end', '314', '366', '314', '418');
INSERT INTO `bpm_linked_info` VALUES ('C3AC019734A64F72A1FAA2CF7E8AB46A', null, '410CCF5E7C98414B9DA4046F9C755447', 'E3E99FEF1CB34F928D086866758A7F10', 'maven-->ssh', '314', '266', '314', '318');
INSERT INTO `bpm_linked_info` VALUES ('C4B274136A3C4A238DB4592BD221D59C', null, '198EF8BC718A422ABC89A43EA51F7D84', '69A8103635514146866E8CC0011FBD19', 'ssh-->end', '314', '366', '314', '418');
INSERT INTO `bpm_linked_info` VALUES ('C4C8F39F8ABC40E1806716ECED8CCCD2', null, 'E3E99FEF1CB34F928D086866758A7F10', '4C009A694D934FC1BCF6FFDEDDD7B040', 'ssh-->end', '314', '366', '314', '418');
INSERT INTO `bpm_linked_info` VALUES ('C5819D4727F04AC08D6B004E2F5C01D0', null, 'CBD3E0A808DC4772BAEA036A5D88D8F7', 'DAB3039C07B3467AA56CB5D42889F4F0', 'start-->git', '314', '66', '314', '118');
INSERT INTO `bpm_linked_info` VALUES ('C8E2FFA6AAB04093882BA97CFE65FF44', null, 'AFD28C6062054D009476B5B18496EB5B', 'B2DFE449039B4F579572857B59D551E2', 'ssh-->end', '314', '366', '314', '418');
INSERT INTO `bpm_linked_info` VALUES ('C8FD1E1B36C640A68AD631D48F44076C', null, '4B96DDFF2C9140E7816E4B3EACB56452', '4269BD2C34C94E2CB470432F0CB36C03', 'start-->git', '314', '66', '314', '118');
INSERT INTO `bpm_linked_info` VALUES ('CAAF48A9EDDF4A6C95609D620D1C7F1A', null, '1A596A17577F4B80A203DED4614E9E5C', '24768BE1D9FC48258FC6D5B4D3384439', 'git-->maven', '314', '166', '314', '218');
INSERT INTO `bpm_linked_info` VALUES ('CC1CBC0DB95340CBA1C0855AB315DBD7', null, 'B06056A780F44714B0B2F68D89147C47', '4E9AB5FC8765424895C8F81B973E678B', 'git-->maven', '314', '166', '314', '218');
INSERT INTO `bpm_linked_info` VALUES ('CD366A89CF0C4C8FBFEB72B65427781E', null, 'E68F887B06774BBAB5422B333C9A21CD', '1D62D5FE85894845BE7B238DA1981B3A', 'maven-->ssh', '314', '266', '315', '352');
INSERT INTO `bpm_linked_info` VALUES ('CD75FC6FD00F4D0BAC2D823D11C0DD90', null, '9102C487F04148EE8FB854362EEF8765', '87CCF506B8E14B92ABD0C6CD9B5DB715', 'maven-->ssh', '314', '266', '314', '318');
INSERT INTO `bpm_linked_info` VALUES ('CDD1841BCF814301A7AEBC84C4FA21F4', null, 'F9F8FEE42F7344F8A993525F3CF86CC5', '887D700412804CBD8A18B04EA87EAA29', 'maven-->ssh', '314', '266', '314', '318');
INSERT INTO `bpm_linked_info` VALUES ('D0C84EFAF4D242249AD76618D7BF3F44', null, '0B185B9C11D44311B8F9F01638FDC755', '6928BA25DF6E48B5A57FBEB8C70D9FFE', 'git-->maven', '314', '166', '314', '218');
INSERT INTO `bpm_linked_info` VALUES ('D71FDBF3146046698B866664820B1BD5', null, '9D11D7EBF7E746F6A8A35BB0A5FBF711', '2EA75704B53E44AAA7012BEB716E0AEA', 'mysql-->end', '314', '166', '314', '218');
INSERT INTO `bpm_linked_info` VALUES ('D7F4FAE8D5494C7AB2431E7A726F7FB9', null, 'D902FCEB511B4321912E5CD7B9DFC758', '4A2A575D1F924803A9B3C46641663CE2', 'git-->maven', '314', '166', '314', '218');
INSERT INTO `bpm_linked_info` VALUES ('DBE7133CB4B84F299D40AB161EE0185F', null, '7DD239C5E4BB498ABE08A342E0B6ED58', '043A5070EEE940D8A2D099114AF4A71F', 'git-->maven', '314', '166', '314', '218');
INSERT INTO `bpm_linked_info` VALUES ('DDDAB4EDB6ED477BA8EA658ADCF5E913', null, 'C2AB6D576DFB4726AAAC0629D138A6DC', '9DE08259F4334A7F9474E492AFD12024', 'start-->git', '314', '66', '314', '118');
INSERT INTO `bpm_linked_info` VALUES ('DFFCEC2F39DE42099FA34AEC2F91ADA6', null, '87CCF506B8E14B92ABD0C6CD9B5DB715', 'DEDB46A834D84B469E8F970D0AA39E42', 'ssh-->end', '314', '366', '314', '418');
INSERT INTO `bpm_linked_info` VALUES ('E217BD11297540CDA618E04183E99D46', null, '059BD0941D2349DBAF465305F851FF85', '13D690B3A92648D19123A3CF0AA56353', 'start-->git', '314', '66', '314', '118');
INSERT INTO `bpm_linked_info` VALUES ('E2A647221D134981BAE8D0448ED7DF29', null, 'AFC193BCE3504BCA9C4099762B444957', 'FF9F7ABAAB704DE28C1FC1BE3DEA5E3A', 'start-->mysql', '314', '66', '314', '118');
INSERT INTO `bpm_linked_info` VALUES ('E3D5199D81D3416A84AD04F9A297F41E', null, '4635707158654DDA9893A12E52E1A508', '05D008E1DAEC435789251B0DE0294164', 'maven-->ssh', '314', '266', '314', '318');
INSERT INTO `bpm_linked_info` VALUES ('EBA01FA7316D45A489F68B3587D01383', null, '9C4BA6A037524E629C492F9A5BB62C55', '96587BB09ED34F04B7ECFDFC0A43209D', 'git-->maven', '314', '166', '314', '218');
INSERT INTO `bpm_linked_info` VALUES ('ECC6ADD04A4B4357BAAF879AA3479611', null, '1B2605B435FD4084ABC4F7316F599159', '5E0EA1500C1A49A79E5CE4A842CCA40C', 'maven-->ssh', '314', '266', '314', '318');
INSERT INTO `bpm_linked_info` VALUES ('ED36A62B615E4032A66AC70D8BD1DCAA', null, 'ED00B634C4424761BB2B5D56BA2B5865', 'E102C7BEB3B0432E940D975A730D250C', 'git-->maven', '314', '166', '314', '218');
INSERT INTO `bpm_linked_info` VALUES ('F48F305383E84E0599AE6B188EE87298', null, '35FD02104B96426297CF027A634021D3', '81310CB2A52049C7985DE44E67A95A63', 'mysql-->end', '314', '166', '314', '218');
INSERT INTO `bpm_linked_info` VALUES ('F4DA9A82FE3A477C826F5EDF4A7DC5E3', null, '78D59CD1FF0C4682B5CA9C5E9F863126', '55246B3E076343E4B92218902B787C55', 'start-->git', '314', '66', '314', '118');
INSERT INTO `bpm_linked_info` VALUES ('F52FA4D230F64DAC933A00015B37DDF6', null, '4A2A575D1F924803A9B3C46641663CE2', 'D839C991209B4D62817A308560377ACD', 'maven-->ssh', '314', '266', '314', '318');
INSERT INTO `bpm_linked_info` VALUES ('F596AF8411EA4298A2CA22E1E5339942', null, '2126D9D0F02449E2AB958FF168B92648', '31B9E12778384C67A8C3C844B2557DCD', 'ssh-->end', '314', '366', '314', '418');
INSERT INTO `bpm_linked_info` VALUES ('F6B2B547F94C4CD495BC743BF1B87FED', null, '13D690B3A92648D19123A3CF0AA56353', '7A994A22679146D5943423C1BBCFAEAD', 'git-->maven', '314', '166', '314', '218');
INSERT INTO `bpm_linked_info` VALUES ('F838298984AF4080BD0CE89E183A9A8A', null, '3CEFE4EF6C15479EB162E95B1ADB8E62', '606E9EF2A9A44D3AB32A8EDE75A8E8A9', 'start-->mysql', '314', '66', '314', '118');
INSERT INTO `bpm_linked_info` VALUES ('F945DAB9D76A4371A566D96F699FB4AD', null, '35A5B90BA497498FA501A88E88093E67', 'FF496C0BA2204478BD414D9E8B2CCFBD', 'maven-->ssh', '314', '266', '314', '318');
INSERT INTO `bpm_linked_info` VALUES ('FAA03B307FD147BDB7FD4B2D26FB39DE', null, '2CB46EAF25F543138EA9EA6F1595C774', '4635707158654DDA9893A12E52E1A508', 'git-->maven', '314', '166', '314', '218');
INSERT INTO `bpm_linked_info` VALUES ('FBAECE385927468E8694811BAE9539EB', null, 'A3A00507C6BB456D810F03305273E0CB', '5AB19D7C65EB406B946E33D773779308', 'git-->maven', '314', '166', '314', '218');
INSERT INTO `bpm_linked_info` VALUES ('FF8AF07A1BB244CCBA73DAAAC8F834FA', null, '50B67AF1FE974FDA83F36108C7AF3E24', '410CCF5E7C98414B9DA4046F9C755447', 'git-->maven', '314', '166', '314', '218');


-- ----------------------------
-- Records of bpm_node_info
-- ----------------------------
INSERT INTO `bpm_node_info` VALUES ('007A0D6138A9400B8815869BAF496210', '1072', '代码部署插件(SSH)', 'N07', 'C7931E9646754A10A303C62D9435946D', '215', '325', '35', '200', '{\"serverUserName\":\"root\",\"serverPwd\":\"lwc123456\",\"appArtifactLocation\":\"D:\\\\Project\\\\Git\\\\bpm-parent\\\\bpm-console\\\\\\\\target\\\\\\\\demo.war\",\"appName\":\"demo\",\"tomcatVersion\":\"Tomcat 8.5.8\",\"serverIp\":\"127.0.0.1\",\"tomcatPort\":\"8080\"}');
INSERT INTO `bpm_node_info` VALUES ('0101770FEFBE439FA167BC4E674ADC3C', null, '结束节点', 'N99', 'C8E8E4022A394CDD81131B17FE6FDE1A', '215', '425', '35', '200', null);
INSERT INTO `bpm_node_info` VALUES ('0211F514B5B449FD8A34288F416B8E7C', null, '开始节点', 'N01', '345E98C681FE4699887E2C63F8BEDD0E', '215', '25', '35', '200', null);
INSERT INTO `bpm_node_info` VALUES ('03A72FF7CA824B7B8C87CE8878C2819A', null, '结束节点', 'N99', '345E98C681FE4699887E2C63F8BEDD0E', '215', '425', '35', '200', null);
INSERT INTO `bpm_node_info` VALUES ('043A5070EEE940D8A2D099114AF4A71F', '1071', '代码构建插件(MAVEN)', 'N07', 'AC0B816292C049B08ACA321388C0C502', '215', '225', '35', '200', '{\"mavenHome\":\"D:\\\\\\\\Tool\\\\\\\\Work\\\\\\\\maven\\\\\\\\apache-maven-3.6.3\",\"appPath\":\"D:\\\\Project\\\\Git\\\\bpm-parent\\\\bpm-console\",\"mavenParam\":\"mvn clean package -U\",\"mavenSettings\":\"D:\\\\\\\\Tool\\\\\\\\Work\\\\\\\\maven\\\\\\\\apache-maven-3.6.3\\\\\\\\myconf\\\\\\\\settings.xml\"}');
INSERT INTO `bpm_node_info` VALUES ('059954D689204ED899638CD569A83B90', null, '结束节点', 'N99', 'AC0B816292C049B08ACA321388C0C502', '215', '425', '35', '200', null);
INSERT INTO `bpm_node_info` VALUES ('059BD0941D2349DBAF465305F851FF85', null, '开始节点', 'N01', '9779F87387824A129AB1D71B0A4A85AC', '215', '25', '35', '200', null);
INSERT INTO `bpm_node_info` VALUES ('05CBD74823AD45FF95AE83FBDBBC7F4E', '1095', 'git更新插件', 'N07', 'FE8CEC8657D24DB59F81F1FDA5997B81', '215', '125', '35', '200', '{\"gitLocalPath\":\"D:\\\\\\\\Project\\\\\\\\Git\\\\\\\\bpm-parent\",\"gitRemotePath\":\"https://gitee.com/prd_team/bpm-parent.git\",\"gitUserName\":\"13977421735\",\"gitPassword\":\"lwc88941124\",\"gitBranchName\":\"master\"}');
INSERT INTO `bpm_node_info` VALUES ('05D008E1DAEC435789251B0DE0294164', '1072', '代码部署插件(SSH)', 'N07', '33FDBEC78BE74BE397635F880F6C6DFE', '215', '325', '35', '200', '{\"serverUserName\":\"root\",\"serverPwd\":\"lwc123456\",\"appArtifactLocation\":\"1111111\\\\\\\\target\\\\\\\\test.war\",\"appName\":\"test\",\"tomcatVersion\":\"Tomcat 8.5.8\",\"serverIp\":\"127.0.0.1\",\"tomcatPort\":\"8080\"}');
INSERT INTO `bpm_node_info` VALUES ('094393C42953428F8D2195644411F484', null, '结束节点', 'N99', 'C7931E9646754A10A303C62D9435946D', '215', '425', '35', '200', null);
INSERT INTO `bpm_node_info` VALUES ('0B185B9C11D44311B8F9F01638FDC755', '1095', 'git更新插件', 'N07', '29128D6CD09D47F4B7896AA9D8A205D0', '215', '125', '35', '200', '{\"gitLocalPath\":\"D:\\\\\\\\Project\\\\\\\\Git\\\\\\\\bpm-parent\",\"gitRemotePath\":\"https://gitee.com/prd_team/bpm-parent.git\",\"gitUserName\":\"13977421735\",\"gitPassword\":\"lwc88941124\",\"gitBranchName\":\"master\"}');
INSERT INTO `bpm_node_info` VALUES ('0B71A2338D514FA2AD9804171D039CA8', '1072', '代码部署插件(SSH)', 'N07', '4FC915E80D054725ABDDCFE539AE25E8', '215', '325', '35', '200', null);
INSERT INTO `bpm_node_info` VALUES ('0C98EB0FC5EB4788AF771AEBEFDB6F0C', null, '结束节点', 'N99', '0BE174CB253E4EE39798CC8AF83843FF', '215', '425', '35', '200', null);
INSERT INTO `bpm_node_info` VALUES ('0DFD381828564B01BBEDFA9667535C6F', null, '开始节点', 'N01', '7467195022EC40F4917C9BE5EC2DFF4A', '215', '25', '35', '200', null);
INSERT INTO `bpm_node_info` VALUES ('101AC969A7D745C5B879D9F0CBE46970', '1071', '代码构建插件(MAVEN)', 'N07', '7589B638A504439AB196611B63C8AF3F', '222', '208', '35', '200', null);
INSERT INTO `bpm_node_info` VALUES ('118B604C36BF46EC8D673D8A184E3D7B', '1072', '代码部署插件(SSH)', 'N07', '59E66880F5FE4259AF2AF3311F041D69', '215', '325', '35', '200', '{\"serverUserName\":\"root\",\"serverPwd\":\"lwc123456\",\"appArtifactLocation\":\"D:\\\\Project\\\\Git\\\\bpm-parent\\\\bpm-console\\\\\\\\target\\\\\\\\demo.war\",\"appName\":\"demo\",\"tomcatVersion\":\"Tomcat 8.5.8\",\"serverIp\":\"127.0.0.1\",\"tomcatPort\":\"8080\"}');
INSERT INTO `bpm_node_info` VALUES ('11A5F089240946D59B84ACC11B29420F', '1071', '代码构建插件(MAVEN)', 'N07', 'FE8CEC8657D24DB59F81F1FDA5997B81', '215', '225', '35', '200', '{\"mavenHome\":\"D:\\\\\\\\Tool\\\\\\\\Work\\\\\\\\maven\\\\\\\\apache-maven-3.6.3\",\"appPath\":\"D:\\\\Project\\\\Git\\\\bpm-parent\\\\bpm-console\",\"mavenParam\":\"mvn clean package -U\",\"mavenSettings\":\"D:\\\\\\\\Tool\\\\\\\\Work\\\\\\\\maven\\\\\\\\apache-maven-3.6.3\\\\\\\\myconf\\\\\\\\settings.xml\"}');
INSERT INTO `bpm_node_info` VALUES ('13D690B3A92648D19123A3CF0AA56353', '1095', 'git更新插件', 'N07', '9779F87387824A129AB1D71B0A4A85AC', '215', '125', '35', '200', '{\"gitLocalPath\":\"D:\\\\\\\\Project\\\\\\\\Git\\\\\\\\bpm-parent\",\"gitRemotePath\":\"https://gitee.com/prd_team/bpm-parent.git\",\"gitUserName\":\"13977421735\",\"gitPassword\":\"lwc88941124\",\"gitBranchName\":\"master\"}');
INSERT INTO `bpm_node_info` VALUES ('13DD5E63241A432B856E67D79628EDF0', '1072', '代码部署插件(SSH)', 'N07', '99481A2B1C9C44B4B9E111C99358BB76', '215', '325', '35', '200', '{\"serverUserName\":\"root\",\"serverPwd\":\"lwc123456\",\"appArtifactLocation\":\"12\\\\\\\\target\\\\\\\\[object HTMLInputElement].war\",\"appName\":{\"jQuery1111012080133870262477\":43},\"tomcatVersion\":\"Tomcat 8.5.8\",\"serverIp\":\"127.0.0.1\",\"tomcatPort\":\"8080\"}');
INSERT INTO `bpm_node_info` VALUES ('15456ABD994B47D39E4A3904ADCAE5EE', null, '结束节点', 'N99', '55D364063A4E4F0DAFBA2AEBDE1BE23D', '215', '425', '35', '200', null);
INSERT INTO `bpm_node_info` VALUES ('1915D9610EC64F7B9BEF41E71A9F67DF', null, '结束节点', 'N99', '04C250B22ED0492BBB2ED2D5072F8B8B', '215', '225', '35', '200', null);
INSERT INTO `bpm_node_info` VALUES ('19168210BCA64E839A5F8BC1CA3D8BA7', '1072', '代码部署插件(SSH)', 'N07', 'B92F8CB7BDFC4F88BEEDABD4D68A709C', '215', '325', '35', '200', '{\"serverUserName\":\"root\",\"serverPwd\":\"lwc123456\",\"appArtifactLocation\":\"D:\\\\Project\\\\Git\\\\bpm-parent\\\\bpm-console\\\\\\\\target\\\\\\\\demo.war\",\"appName\":\"demo\",\"tomcatVersion\":\"Tomcat 8.5.8\",\"serverIp\":\"127.0.0.1\",\"tomcatPort\":\"8080\"}');
INSERT INTO `bpm_node_info` VALUES ('197A244E670243E18B7B4443E30B6B4D', null, '开始节点', 'N01', 'CB48675D939642FA8F3102659EA7D719', '215', '25', '35', '200', null);
INSERT INTO `bpm_node_info` VALUES ('198EF8BC718A422ABC89A43EA51F7D84', '1072', '代码部署插件(SSH)', 'N07', 'FE8CEC8657D24DB59F81F1FDA5997B81', '215', '325', '35', '200', '[{\"serverUserName\":\"root\",\"serverPwd\":\"lwc123456\",\"appArtifactLocation\":\"D:\\\\Project\\\\Git\\\\bpm-parent\\\\bpm-console\\\\\\\\target\\\\\\\\demo.war\",\"appName\":\"demo\",\"tomcatVersion\":\"Tomcat 8.5.8\",\"serverIp\":\"127.0.0.1\",\"tomcatPort\":\"8080\"}]');
INSERT INTO `bpm_node_info` VALUES ('1A596A17577F4B80A203DED4614E9E5C', '1095', 'git更新插件', 'N07', '27E2B9127988429DB3B3849E9791F49E', '215', '125', '35', '200', '{\"gitLocalPath\":\"D:\\\\\\\\Project\\\\\\\\Git\\\\\\\\bpm-parent\",\"gitRemotePath\":\"https://gitee.com/prd_team/bpm-parent.git\",\"gitUserName\":\"13977421735\",\"gitPassword\":\"lwc88941124\",\"gitBranchName\":\"master\"}');
INSERT INTO `bpm_node_info` VALUES ('1B2605B435FD4084ABC4F7316F599159', '1071', '代码构建插件(MAVEN)', 'N07', '69AB7255B8134DAB91A6E4C486D218E6', '215', '225', '35', '200', '{\"mavenHome\":\"D:\\\\\\\\Tool\\\\\\\\Work\\\\\\\\maven\\\\\\\\apache-maven-3.6.3\",\"appPath\":\"D:\\\\Project\\\\Git\\\\bpm-parent\\\\bpm-console\",\"mavenParam\":\"mvn clean package -U\",\"mavenSettings\":\"D:\\\\\\\\Tool\\\\\\\\Work\\\\\\\\maven\\\\\\\\apache-maven-3.6.3\\\\\\\\myconf\\\\\\\\settings.xml\"}');
INSERT INTO `bpm_node_info` VALUES ('1B97DD86D548444E9DCD7CCE50663D88', null, '结束节点', 'N99', '59E66880F5FE4259AF2AF3311F041D69', '215', '425', '35', '200', null);
INSERT INTO `bpm_node_info` VALUES ('1BDA3F583FD34DA2A087E4ADB0519A97', '1071', '代码构建插件(MAVEN)', 'N07', '1AC24935B0134A2BAF6C9485140D0A5A', '215', '225', '35', '200', '{\"mavenSettings\":\"D:\\\\\\\\Tool\\\\\\\\Work\\\\\\\\maven\\\\\\\\apache-maven-3.6.3\\\\\\\\myconf\\\\\\\\settings.xml\",\"mavenParam\":\"mvn clean package -U\",\"mavenHome\":\"D:\\\\\\\\Tool\\\\\\\\Work\\\\\\\\maven\\\\\\\\apache-maven-3.6.3\",\"appPath\":\"D:\\\\\\\\Project\\\\\\\\Git\\\\\\\\bpm-parent\\\\\\\\bpm-console\"}');
INSERT INTO `bpm_node_info` VALUES ('1D62D5FE85894845BE7B238DA1981B3A', '1072', '代码部署插件(SSH)', 'N07', '61C9ADC7E22B43D699263D48B0818FA1', '215', '325', '35', '200', '{\"serverUserName\":\"root\",\"serverPwd\":\"lwc123456\",\"appArtifactLocation\":\"D:\\\\Project\\\\Git\\\\bpm-parent\\\\bpm-console\\\\\\\\target\\\\\\\\demo.war\",\"appName\":\"demo\",\"tomcatVersion\":\"Tomcat 8.5.8\",\"serverIp\":\"127.0.0.1\",\"tomcatPort\":\"8080\"}');
INSERT INTO `bpm_node_info` VALUES ('1E4B50EDB2D54510BA7DB1763169BBEF', null, '结束节点', 'N99', '7589B638A504439AB196611B63C8AF3F', '215', '425', '35', '200', null);
INSERT INTO `bpm_node_info` VALUES ('1ED8C0D28368438B84216C8968AEDF58', null, '开始节点', 'N01', '27E2B9127988429DB3B3849E9791F49E', '215', '25', '35', '200', null);
INSERT INTO `bpm_node_info` VALUES ('202EB76194A44C149CA4E68BF0A4055E', '1071', '代码构建插件(MAVEN)', 'N07', '59E66880F5FE4259AF2AF3311F041D69', '215', '225', '35', '200', '{\"mavenHome\":\"D:\\\\\\\\Tool\\\\\\\\Work\\\\\\\\maven\\\\\\\\apache-maven-3.6.3\",\"appPath\":\"D:\\\\Project\\\\Git\\\\bpm-parent\\\\bpm-console\",\"mavenParam\":\"mvn clean package -U\",\"mavenSettings\":\"D:\\\\\\\\Tool\\\\\\\\Work\\\\\\\\maven\\\\\\\\apache-maven-3.6.3\\\\\\\\myconf\\\\\\\\settings.xml\"}');
INSERT INTO `bpm_node_info` VALUES ('2126D9D0F02449E2AB958FF168B92648', '1072', '代码部署插件(SSH)', 'N07', '1ED9680E79964A22A510CE3C99811E04', '215', '325', '35', '200', '{\"serverUserName\":\"root\",\"serverPwd\":\"lwc123456\",\"appArtifactLocation\":\"1111111\\\\\\\\target\\\\\\\\test.war\",\"appName\":\"test\",\"tomcatVersion\":\"Tomcat 8.5.8\",\"serverIp\":\"127.0.0.1\",\"tomcatPort\":\"8080\"}');
INSERT INTO `bpm_node_info` VALUES ('232A8D47118F41B3A8F95DFAE5D8C17D', null, '结束节点', 'N99', 'D76DA2EC8E4A46539E02A3E1E1772AC2', '215', '425', '35', '200', null);
INSERT INTO `bpm_node_info` VALUES ('23E65B7EB6B4470DAC1F5235FE0C033F', null, '开始节点', 'N01', '8F9C047E1FB5422E9CDFE68ECA3617D4', '215', '25', '35', '200', null);
INSERT INTO `bpm_node_info` VALUES ('24768BE1D9FC48258FC6D5B4D3384439', '1071', '代码构建插件(MAVEN)', 'N07', '27E2B9127988429DB3B3849E9791F49E', '215', '225', '35', '200', '{\"mavenHome\":\"D:\\\\\\\\Tool\\\\\\\\Work\\\\\\\\maven\\\\\\\\apache-maven-3.6.3\",\"appPath\":\"D:\\\\\\\\Project\\\\\\\\Git\\\\\\\\bpm-parent\\\\\\\\bpm-console\",\"mavenParam\":\"mvn clean package -U\",\"mavenSettings\":\"D:\\\\\\\\Tool\\\\\\\\Work\\\\\\\\maven\\\\\\\\apache-maven-3.6.3\\\\\\\\myconf\\\\\\\\settings.xml\"}');
INSERT INTO `bpm_node_info` VALUES ('255CAF3C5F0946629A1AE496DC8EA55B', '1072', '代码部署插件(SSH)', 'N07', 'AC0B816292C049B08ACA321388C0C502', '215', '325', '35', '200', '{\"serverUserName\":\"root\",\"serverPwd\":\"lwc123456\",\"appArtifactLocation\":\"D:\\\\Project\\\\Git\\\\bpm-parent\\\\bpm-console\\\\\\\\target\\\\\\\\demo.war\",\"appName\":\"demo\",\"tomcatVersion\":\"Tomcat 8.5.8\",\"serverIp\":\"127.0.0.1\",\"tomcatPort\":\"8080\"}');
INSERT INTO `bpm_node_info` VALUES ('2CB46EAF25F543138EA9EA6F1595C774', '1095', 'git更新插件', 'N07', '33FDBEC78BE74BE397635F880F6C6DFE', '215', '125', '35', '200', '{\"gitLocalPath\":\"121112222\",\"gitRemotePath\":\"1231111\",\"gitUserName\":\"12111\",\"gitPassword\":\"12111\",\"gitBranchName\":\"12111222222\"}');
INSERT INTO `bpm_node_info` VALUES ('2CF3697E67A44CAEA0CC4767F5AA1039', null, '开始节点', 'N01', '4EA549A26FA04F6790A78CB1C67E5BC6', '215', '25', '35', '200', null);
INSERT INTO `bpm_node_info` VALUES ('2DD6B3311F6A44F190A120FA63CB2ECE', null, '结束节点', 'N99', '7D80E24C315248A39C4978EBB880CD46', '215', '425', '35', '200', null);
INSERT INTO `bpm_node_info` VALUES ('2E8AC81D05D34E1988C4699BA7BECB7F', null, '结束节点', 'N99', '4EA549A26FA04F6790A78CB1C67E5BC6', '215', '425', '35', '200', null);
INSERT INTO `bpm_node_info` VALUES ('2EA75704B53E44AAA7012BEB716E0AEA', null, '结束节点', 'N99', '8C0A2E63BF084E5DA7EAB4BB8B2E1760', '215', '225', '35', '200', null);
INSERT INTO `bpm_node_info` VALUES ('2EB084DEDF984AEBB99E2C01F0C9EBB7', null, '结束节点', 'N99', '7467195022EC40F4917C9BE5EC2DFF4A', '215', '125', '35', '200', null);
INSERT INTO `bpm_node_info` VALUES ('2F841CE4E777484DAEE98BFF7E40D41A', null, '开始节点', 'N01', '59E66880F5FE4259AF2AF3311F041D69', '215', '25', '35', '200', null);
INSERT INTO `bpm_node_info` VALUES ('302B99C50E654C01B30D296B59A9B543', '1095', 'git更新插件', 'N07', '1AC24935B0134A2BAF6C9485140D0A5A', '215', '125', '35', '200', '{\"gitRemotePath\":\"https://gitee.com/prd_team/devops-parent.git\",\"gitUserName\":\"13977421735\",\"gitLocalPath\":\"D:\\\\\\\\Project\\\\\\\\Git\\\\\\\\bpm-parent\",\"gitPassword\":\"lwc88941124\",\"gitBranchName\":\"master\"}');
INSERT INTO `bpm_node_info` VALUES ('31B9E12778384C67A8C3C844B2557DCD', null, '结束节点', 'N99', '1ED9680E79964A22A510CE3C99811E04', '215', '425', '35', '200', null);
INSERT INTO `bpm_node_info` VALUES ('3223AF714A064418AC20F222442325D5', '1095', 'git更新插件', 'N07', '99481A2B1C9C44B4B9E111C99358BB76', '215', '125', '35', '200', '{\"gitLocalPath\":\"12\",\"gitRemotePath\":\"123\",\"gitUserName\":\"12\",\"gitPassword\":\"12\",\"gitBranchName\":\"12\"}');
INSERT INTO `bpm_node_info` VALUES ('33594172B9E24FF19D7C661DB249FD00', null, '开始节点', 'N01', '4FC915E80D054725ABDDCFE539AE25E8', '215', '25', '35', '200', null);
INSERT INTO `bpm_node_info` VALUES ('35A5B90BA497498FA501A88E88093E67', '1071', '代码构建插件(MAVEN)', 'N07', '8F9C047E1FB5422E9CDFE68ECA3617D4', '215', '225', '35', '200', '{\"mavenHome\":\"D:\\\\\\\\Tool\\\\\\\\Work\\\\\\\\maven\\\\\\\\apache-maven-3.6.3\",\"appPath\":\"D:\\\\Project\\\\Git\\\\bpm-parent\\\\bpm-console\",\"mavenParam\":\"mvn clean package -U\",\"mavenSettings\":\"D:\\\\\\\\Tool\\\\\\\\Work\\\\\\\\maven\\\\\\\\apache-maven-3.6.3\\\\\\\\myconf\\\\\\\\settings.xml\"}');
INSERT INTO `bpm_node_info` VALUES ('35FD02104B96426297CF027A634021D3', '1096', 'MySQL备份插件', 'N07', 'A1C60C6508E44CB8BBE6F5373109590C', '215', '125', '35', '200', '{\"baseIP\":\"12\",\"databaseName\":\"12\",\"userName\":\"12\",\"password\":\"12\",\"savePath\":\"12\"}');
INSERT INTO `bpm_node_info` VALUES ('36BEBCC0763E40D8ADD9704D8AEDEE2E', null, '结束节点', 'N99', '3D2B233586CC4A9CB885A7D035633E4C', '215', '425', '35', '200', null);
INSERT INTO `bpm_node_info` VALUES ('36F7B8072F334095A7AC0B627CEBD397', '1095', 'git更新插件', 'N07', '59E66880F5FE4259AF2AF3311F041D69', '215', '125', '35', '200', '{\"gitLocalPath\":\"D:\\\\\\\\Project\\\\\\\\Git\\\\\\\\bpm-parent\",\"gitRemotePath\":\"https://gitee.com/prd_team/bpm-parent.git\",\"gitUserName\":\"13977421735\",\"gitPassword\":\"lwc88941124\",\"gitBranchName\":\"master\"}');
INSERT INTO `bpm_node_info` VALUES ('370118F375A343C49414C1865CB0A593', '1072', '代码部署插件(SSH)', 'N07', '59E66880F5FE4259AF2AF3311F041D69', '215', '325', '35', '200', '{\"serverUserName\":\"root\",\"serverPwd\":\"lwc123456\",\"appArtifactLocation\":\"D:\\\\Project\\\\Git\\\\bpm-parent\\\\bpm-console\\\\\\\\target\\\\\\\\demo.war\",\"appName\":\"demo\",\"tomcatVersion\":\"Tomcat 8.5.8\",\"serverIp\":\"127.0.0.1\",\"tomcatPort\":\"8080\"}');
INSERT INTO `bpm_node_info` VALUES ('37F6019810BF4894837761DB18AB48CB', '1095', 'git更新插件', 'N07', '5B3F45B14DEB4B32AEB77B70BE009EBD', '215', '125', '35', '200', '{\"gitLocalPath\":\"D:\\\\\\\\Project\\\\\\\\Git\\\\\\\\bpm-parent\",\"gitRemotePath\":\"https://gitee.com/prd_team/bpm-parent.git\",\"gitUserName\":\"13977421735\",\"gitPassword\":\"lwc88941124\",\"gitBranchName\":\"master\"}');
INSERT INTO `bpm_node_info` VALUES ('3904D6E39FA4442DA89B46894757D083', null, '开始节点', 'N01', '33FDBEC78BE74BE397635F880F6C6DFE', '215', '25', '35', '200', null);
INSERT INTO `bpm_node_info` VALUES ('3997F1976038442489A7F47104E4CBE3', null, '开始节点', 'N01', '1AC24935B0134A2BAF6C9485140D0A5A', '215', '25', '35', '200', null);
INSERT INTO `bpm_node_info` VALUES ('3A57E032020847118D74F9F9AAE53218', '1072', '代码部署插件(SSH)', 'N07', '0EAAE41A5E6946E480336F36FFD1BAFC', '215', '325', '35', '200', '{\"serverUserName\":\"root\",\"serverPwd\":\"lwc123456\",\"appArtifactLocation\":\"D:\\\\\\\\Project\\\\\\\\Git\\\\\\\\batch-parent\\\\\\\\batch-migrate\\\\\\\\target\\\\\\\\batch-migrate.war\",\"appName\":\"batch-migrate\",\"tomcatVersion\":\"Tomcat 8.5.8\",\"serverIp\":\"127.0.0.1\",\"tomcatPort\":\"8080\"}');
INSERT INTO `bpm_node_info` VALUES ('3C780B444AC14CCC86C9FB9A8066BCF5', null, '结束节点', 'N99', '99481A2B1C9C44B4B9E111C99358BB76', '215', '425', '35', '200', null);
INSERT INTO `bpm_node_info` VALUES ('3CA524EDC9474A2D8F10CD5B83CB3048', null, '结束节点', 'N99', 'CB48675D939642FA8F3102659EA7D719', '215', '425', '35', '200', null);
INSERT INTO `bpm_node_info` VALUES ('3CEFE4EF6C15479EB162E95B1ADB8E62', null, '开始节点', 'N01', 'E68EB83CF734432796117C5B73D18F72', '215', '25', '35', '200', null);
INSERT INTO `bpm_node_info` VALUES ('410CCF5E7C98414B9DA4046F9C755447', '1071', '代码构建插件(MAVEN)', 'N07', 'D2847BA22AF44C47AE278EBA47475A23', '215', '225', '35', '200', '{\"mavenHome\":\"D:\\\\\\\\Tool\\\\\\\\Work\\\\\\\\maven\\\\\\\\apache-maven-3.6.3\",\"appPath\":\"D:\\\\Project\\\\Git\\\\bpm-parent\\\\bpm-console\",\"mavenParam\":\"mvn clean package -U\",\"mavenSettings\":\"D:\\\\\\\\Tool\\\\\\\\Work\\\\\\\\maven\\\\\\\\apache-maven-3.6.3\\\\\\\\myconf\\\\\\\\settings.xml\"}');
INSERT INTO `bpm_node_info` VALUES ('4269BD2C34C94E2CB470432F0CB36C03', '1095', 'git更新插件', 'N07', 'B92F8CB7BDFC4F88BEEDABD4D68A709C', '215', '125', '35', '200', '{\"gitLocalPath\":\"D:\\\\\\\\Project\\\\\\\\Git\\\\\\\\bpm-parent\",\"gitRemotePath\":\"https://gitee.com/prd_team/bpm-parent.git\",\"gitUserName\":\"13977421735\",\"gitPassword\":\"lwc88941124\",\"gitBranchName\":\"master\"}');
INSERT INTO `bpm_node_info` VALUES ('42BC8D2C369F466EA430B6957E41ECED', '1095', 'git更新插件', 'N07', '1ED9680E79964A22A510CE3C99811E04', '215', '125', '35', '200', '{\"gitLocalPath\":\"12111\",\"gitRemotePath\":\"1231111\",\"gitUserName\":\"12111\",\"gitPassword\":\"12111\",\"gitBranchName\":\"12111\"}');
INSERT INTO `bpm_node_info` VALUES ('45040F3ACECF41BBB3A637336163AA2F', null, '开始节点', 'N01', 'C8E8E4022A394CDD81131B17FE6FDE1A', '215', '25', '35', '200', null);
INSERT INTO `bpm_node_info` VALUES ('4635707158654DDA9893A12E52E1A508', '1071', '代码构建插件(MAVEN)', 'N07', '33FDBEC78BE74BE397635F880F6C6DFE', '215', '225', '35', '200', '{\"mavenHome\":\"111111122222222\",\"appPath\":\"1111111\",\"mavenParam\":\"11111111\",\"mavenSettings\":\"11111111222222\"}');
INSERT INTO `bpm_node_info` VALUES ('48AC84AC8CD34868A3013DEF82A8F14B', null, '结束节点', 'N99', 'B92F8CB7BDFC4F88BEEDABD4D68A709C', '215', '425', '35', '200', null);
INSERT INTO `bpm_node_info` VALUES ('49207D094F404C8FBD9AA582DFF0C48B', '1071', '代码构建插件(MAVEN)', 'N07', 'C8E8E4022A394CDD81131B17FE6FDE1A', '215', '225', '35', '200', '{\"mavenHome\":\"D:\\\\\\\\Tool\\\\\\\\Work\\\\\\\\maven\\\\\\\\apache-maven-3.6.3\",\"appPath\":\"D:\\\\Project\\\\Git\\\\bpm-parent\\\\bpm-console\",\"mavenParam\":\"mvn clean package -U\",\"mavenSettings\":\"D:\\\\\\\\Tool\\\\\\\\Work\\\\\\\\maven\\\\\\\\apache-maven-3.6.3\\\\\\\\myconf\\\\\\\\settings.xml\"}');
INSERT INTO `bpm_node_info` VALUES ('494C8D9E048244DAA998722D8F4C3A51', '1071', '代码构建插件(MAVEN)', 'N07', '60B5C313DE9043D2955F5DA1A1D83C31', '215', '225', '35', '200', '{\"mavenHome\":\"D:\\\\\\\\Tool\\\\\\\\Work\\\\\\\\maven\\\\\\\\apache-maven-3.6.3\",\"appPath\":\"D:\\\\\\\\Project\\\\\\\\Git\\\\\\\\batch-parent\\\\\\\\batch-console\",\"mavenParam\":\"mvn clean package -U\",\"mavenSettings\":\"D:\\\\\\\\Tool\\\\\\\\Work\\\\\\\\maven\\\\\\\\apache-maven-3.6.3\\\\\\\\myconf\\\\\\\\settings.xml\"}');
INSERT INTO `bpm_node_info` VALUES ('4A2A575D1F924803A9B3C46641663CE2', '1071', '代码构建插件(MAVEN)', 'N07', '345E98C681FE4699887E2C63F8BEDD0E', '215', '225', '35', '200', '{\"mavenHome\":\"D:\\\\\\\\Tool\\\\\\\\Work\\\\\\\\maven\\\\\\\\apache-maven-3.6.3\",\"appPath\":\"D:\\\\Project\\\\Git\\\\bpm-parent\\\\bpm-console\",\"mavenParam\":\"mvn clean package -U\",\"mavenSettings\":\"D:\\\\\\\\Tool\\\\\\\\Work\\\\\\\\maven\\\\\\\\apache-maven-3.6.3\\\\\\\\myconf\\\\\\\\settings.xml\"}');
INSERT INTO `bpm_node_info` VALUES ('4AF15844199B48B5A2010673EE330811', null, '开始节点', 'N01', '0BE174CB253E4EE39798CC8AF83843FF', '215', '25', '35', '200', null);
INSERT INTO `bpm_node_info` VALUES ('4B96DDFF2C9140E7816E4B3EACB56452', null, '开始节点', 'N01', 'B92F8CB7BDFC4F88BEEDABD4D68A709C', '215', '25', '35', '200', null);
INSERT INTO `bpm_node_info` VALUES ('4C009A694D934FC1BCF6FFDEDDD7B040', null, '结束节点', 'N99', 'D2847BA22AF44C47AE278EBA47475A23', '215', '425', '35', '200', null);
INSERT INTO `bpm_node_info` VALUES ('4C5CC57047E34397B5E363135993529D', null, '开始节点', 'N01', '75164182F28E406F90B92B0C1882A8DA', '215', '25', '35', '200', null);
INSERT INTO `bpm_node_info` VALUES ('4E67882B93734C00A8B8669562C9BFF3', null, '结束节点', 'N99', '9779F87387824A129AB1D71B0A4A85AC', '215', '425', '35', '200', null);
INSERT INTO `bpm_node_info` VALUES ('4E9AB5FC8765424895C8F81B973E678B', '1071', '代码构建插件(MAVEN)', 'N07', '3D2B233586CC4A9CB885A7D035633E4C', '215', '225', '35', '200', '{\"mavenHome\":\"D:\\\\\\\\Tool\\\\\\\\Work\\\\\\\\maven\\\\\\\\apache-maven-3.6.3\",\"appPath\":\"D:\\\\Project\\\\Git\\\\bpm-parent\\\\bpm-console\",\"mavenParam\":\"mvn clean package -U\",\"mavenSettings\":\"D:\\\\\\\\Tool\\\\\\\\Work\\\\\\\\maven\\\\\\\\apache-maven-3.6.3\\\\\\\\myconf\\\\\\\\settings.xml\"}');
INSERT INTO `bpm_node_info` VALUES ('4F95857E875743CCBE45D885875169E5', '1071', '代码构建插件(MAVEN)', 'N07', '0BE174CB253E4EE39798CC8AF83843FF', '215', '225', '35', '200', '{\"mavenHome\":\"D:\\\\\\\\Tool\\\\\\\\Work\\\\\\\\maven\\\\\\\\apache-maven-3.6.3\",\"appPath\":\"D:\\\\Project\\\\Git\\\\bpm-parent\\\\bpm-console\",\"mavenParam\":\"mvn clean package -U\",\"mavenSettings\":\"D:\\\\\\\\Tool\\\\\\\\Work\\\\\\\\maven\\\\\\\\apache-maven-3.6.3\\\\\\\\myconf\\\\\\\\settings.xml\"}');
INSERT INTO `bpm_node_info` VALUES ('509B7CF3389C4BB0BD5F5B41290A770A', null, '结束节点', 'N99', '8F9C047E1FB5422E9CDFE68ECA3617D4', '215', '425', '35', '200', null);
INSERT INTO `bpm_node_info` VALUES ('50B67AF1FE974FDA83F36108C7AF3E24', '1095', 'git更新插件', 'N07', 'D2847BA22AF44C47AE278EBA47475A23', '215', '125', '35', '200', '{\"gitLocalPath\":\"D:\\\\\\\\Project\\\\\\\\Git\\\\\\\\bpm-parent\",\"gitRemotePath\":\"https://gitee.com/prd_team/bpm-parent.git\",\"gitUserName\":\"13977421735\",\"gitPassword\":\"lwc88941124\",\"gitBranchName\":\"master\"}');
INSERT INTO `bpm_node_info` VALUES ('52FBE0E060854A8B8465B30BE0EBB618', null, '开始节点', 'N01', '8CD1E6E27ED7430CA977BC6555B56490', '215', '25', '35', '200', null);
INSERT INTO `bpm_node_info` VALUES ('55246B3E076343E4B92218902B787C55', '1095', 'git更新插件', 'N07', '0EAAE41A5E6946E480336F36FFD1BAFC', '215', '125', '35', '200', '{\"gitLocalPath\":\"D:\\\\\\\\Project\\\\\\\\Git\\\\\\\\batch-parent\",\"gitRemotePath\":\"https://gitee.com/prd_team/batch-parent.git\",\"gitUserName\":\"13977421735\",\"gitPassword\":\"lwc88941124\",\"gitBranchName\":\"master\"}');
INSERT INTO `bpm_node_info` VALUES ('5814694D4A034523A6251D39371D5D58', '1095', 'git更新插件', 'N07', '4FC915E80D054725ABDDCFE539AE25E8', '215', '125', '35', '200', '{\"gitRemotePath\":\"https://gitee.com/prd_team/sop-parent.git\"}');
INSERT INTO `bpm_node_info` VALUES ('5A98A497944E409782D27F2FCAB41BB8', '1071', '代码构建插件(MAVEN)', 'N07', 'B92F8CB7BDFC4F88BEEDABD4D68A709C', '215', '225', '35', '200', '{\"mavenHome\":\"D:\\\\\\\\Tool\\\\\\\\Work\\\\\\\\maven\\\\\\\\apache-maven-3.6.3\",\"appPath\":\"D:\\\\Project\\\\Git\\\\bpm-parent\\\\bpm-console\",\"mavenParam\":\"mvn clean package -U\",\"mavenSettings\":\"D:\\\\\\\\Tool\\\\\\\\Work\\\\\\\\maven\\\\\\\\apache-maven-3.6.3\\\\\\\\myconf\\\\\\\\settings.xml\"}');
INSERT INTO `bpm_node_info` VALUES ('5AB19D7C65EB406B946E33D773779308', '1071', '代码构建插件(MAVEN)', 'N07', '691EA05F27DD45319AE9A69130DEA6F0', '215', '225', '35', '200', '{\"mavenHome\":\"D:\\\\\\\\Tool\\\\\\\\Work\\\\\\\\maven\\\\\\\\apache-maven-3.6.3\",\"appPath\":\"D:\\\\Project\\\\Git\\\\bpm-parent\\\\bpm-console\",\"mavenParam\":\"mvn clean package -U\",\"mavenSettings\":\"D:\\\\\\\\Tool\\\\\\\\Work\\\\\\\\maven\\\\\\\\apache-maven-3.6.3\\\\\\\\myconf\\\\\\\\settings.xml\"}');
INSERT INTO `bpm_node_info` VALUES ('5DEDBBD7DF484F10842C3111BA7DF908', null, '结束节点', 'N99', '165680F31C324DEAA2D4E334BCF64364', '215', '425', '35', '200', null);
INSERT INTO `bpm_node_info` VALUES ('5E052A54E0A742F3B4FBA8E9BC620D84', null, '结束节点', 'N99', '61C9ADC7E22B43D699263D48B0818FA1', '215', '425', '35', '200', null);
INSERT INTO `bpm_node_info` VALUES ('5E0EA1500C1A49A79E5CE4A842CCA40C', '1072', '代码部署插件(SSH)', 'N07', '69AB7255B8134DAB91A6E4C486D218E6', '215', '325', '35', '200', '{\"serverUserName\":\"root\",\"serverPwd\":\"lwc123456\",\"appArtifactLocation\":\"D:\\\\Project\\\\Git\\\\bpm-parent\\\\bpm-console\\\\\\\\target\\\\\\\\demo.war\",\"appName\":\"demo\",\"tomcatVersion\":\"Tomcat 8.5.8\",\"serverIp\":\"127.0.0.1\",\"tomcatPort\":\"8080\"}');
INSERT INTO `bpm_node_info` VALUES ('5EFE0F9F1270453FA4C7133B5EEAE621', '1096', 'MySQL备份插件', 'N07', '52F562E33D7540388F4701C962563295', '215', '125', '35', '200', null);
INSERT INTO `bpm_node_info` VALUES ('606E9EF2A9A44D3AB32A8EDE75A8E8A9', '1096', 'MySQL备份插件', 'N07', 'E68EB83CF734432796117C5B73D18F72', '215', '125', '35', '200', '{\"baseIP\":\"127.0.0.1\",\"databaseName\":\"devops_console\",\"userName\":\"root\",\"password\":\"lwc123456\",\"savePath\":\"D:\\\\\\\\\"}');
INSERT INTO `bpm_node_info` VALUES ('62D7F2BC470E4404B30473E643ACD406', '1072', '代码部署插件(SSH)', 'N07', '165680F31C324DEAA2D4E334BCF64364', '215', '325', '35', '200', '{\"serverUserName\":\"root\",\"serverPwd\":\"lwc123456\",\"appArtifactLocation\":\"D:\\\\Project\\\\Git\\\\bpm-parent\\\\bpm-console\\\\\\\\target\\\\\\\\demo.war\",\"appName\":\"demo\",\"tomcatVersion\":\"Tomcat 8.5.8\",\"serverIp\":\"127.0.0.1\",\"tomcatPort\":\"8080\"}');
INSERT INTO `bpm_node_info` VALUES ('62FF795703924876ACE6EB6AA7C522FE', null, '开始节点', 'N01', '61C9ADC7E22B43D699263D48B0818FA1', '215', '25', '35', '200', null);
INSERT INTO `bpm_node_info` VALUES ('637ED1A0E5B34C0AABD72152618CEF23', null, '结束节点', 'N99', '1AC24935B0134A2BAF6C9485140D0A5A', '215', '425', '35', '200', null);
INSERT INTO `bpm_node_info` VALUES ('6556114C02DF433A9BA69462B0F7B3AE', null, '开始节点', 'N01', '165680F31C324DEAA2D4E334BCF64364', '215', '25', '35', '200', null);
INSERT INTO `bpm_node_info` VALUES ('671BC17CCA91481CBCC3C5F405BA163E', '1071', '代码构建插件(MAVEN)', 'N07', '55D364063A4E4F0DAFBA2AEBDE1BE23D', '215', '225', '35', '200', '{\"mavenHome\":\"D:\\\\\\\\Tool\\\\\\\\Work\\\\\\\\maven\\\\\\\\apache-maven-3.6.3\",\"appPath\":\"D:\\\\Project\\\\Git\\\\bpm-parent\\\\bpm-console\",\"mavenParam\":\"mvn clean package -U\",\"mavenSettings\":\"D:\\\\\\\\Tool\\\\\\\\Work\\\\\\\\maven\\\\\\\\apache-maven-3.6.3\\\\\\\\myconf\\\\\\\\settings.xml\"}');
INSERT INTO `bpm_node_info` VALUES ('673D316FEF4E4B0BBEDF5B8EAAFF9FB5', '1071', '代码构建插件(MAVEN)', 'N07', '4FC915E80D054725ABDDCFE539AE25E8', '215', '225', '35', '200', null);
INSERT INTO `bpm_node_info` VALUES ('68EC62595FE44A0F837291F0ED4818BE', null, '结束节点', 'N99', '29128D6CD09D47F4B7896AA9D8A205D0', '215', '425', '35', '200', null);
INSERT INTO `bpm_node_info` VALUES ('6928BA25DF6E48B5A57FBEB8C70D9FFE', '1071', '代码构建插件(MAVEN)', 'N07', '29128D6CD09D47F4B7896AA9D8A205D0', '215', '225', '35', '200', '{\"mavenHome\":\"D:\\\\\\\\Tool\\\\\\\\Work\\\\\\\\maven\\\\\\\\apache-maven-3.6.3\",\"appPath\":\"D:\\\\\\\\Project\\\\\\\\Git\\\\\\\\bpm-parent\\\\\\\\bpm-console\",\"mavenParam\":\"mvn clean package -U\",\"mavenSettings\":\"D:\\\\\\\\Tool\\\\\\\\Work\\\\\\\\maven\\\\\\\\apache-maven-3.6.3\\\\\\\\myconf\\\\\\\\settings.xml\"}');
INSERT INTO `bpm_node_info` VALUES ('69A8103635514146866E8CC0011FBD19', null, '结束节点', 'N99', 'FE8CEC8657D24DB59F81F1FDA5997B81', '215', '425', '35', '200', null);
INSERT INTO `bpm_node_info` VALUES ('6B2AAA01BFFE410D9521B6770B526849', '1072', '代码部署插件(SSH)', 'N07', 'D76DA2EC8E4A46539E02A3E1E1772AC2', '215', '325', '35', '200', '{\"serverUserName\":\"root\",\"serverPwd\":\"lwc123456\",\"appArtifactLocation\":\"D:\\\\Project\\\\Git\\\\bpm-parent\\\\bpm-console\\\\\\\\target\\\\\\\\demo.war\",\"appName\":\"demo\",\"tomcatVersion\":\"Tomcat 8.5.8\",\"serverIp\":\"127.0.0.1\",\"tomcatPort\":\"8080\"}');
INSERT INTO `bpm_node_info` VALUES ('6CA8BE9647ED4751B0076AC93784E870', '1072', '代码部署插件(SSH)', 'N07', '29128D6CD09D47F4B7896AA9D8A205D0', '215', '325', '35', '200', '{\"serverUserName\":\"root\",\"serverPwd\":\"lwc123456\",\"appArtifactLocation\":\"D:\\\\\\\\Project\\\\\\\\Git\\\\\\\\bpm-parent\\\\\\\\bpm-console\\\\\\\\target\\\\\\\\bpm-console.war\",\"appName\":\"bpm-console\",\"tomcatVersion\":\"Tomcat 8.5.8\",\"serverIp\":\"127.0.0.1\",\"tomcatPort\":\"8080\"}');
INSERT INTO `bpm_node_info` VALUES ('6D081E8D82E7420298C9AF59BCA7B0D5', '1072', '代码部署插件(SSH)', 'N07', '0BE174CB253E4EE39798CC8AF83843FF', '215', '325', '35', '200', '{\"serverUserName\":\"root\",\"serverPwd\":\"lwc123456\",\"appArtifactLocation\":\"D:\\\\Project\\\\Git\\\\bpm-parent\\\\bpm-console\\\\\\\\target\\\\\\\\demo.war\",\"appName\":\"demo\",\"tomcatVersion\":\"Tomcat 8.5.8\",\"serverIp\":\"127.0.0.1\",\"tomcatPort\":\"8080\"}');
INSERT INTO `bpm_node_info` VALUES ('6E40D7E11ACE47DE9AF39BF2890DFD25', null, '结束节点', 'N99', '629ACB317A954FC6BB27EAB4F7819A2A', '215', '425', '35', '200', null);
INSERT INTO `bpm_node_info` VALUES ('6E8B4B0AC3464985B84A98CC24AFFEEA', '1096', 'MySQL备份插件', 'N07', '04C250B22ED0492BBB2ED2D5072F8B8B', '215', '125', '35', '200', '{\"baseIP\":\"120.77.241.255\",\"databaseName\":\"devops_console\",\"userName\":\"root\",\"password\":\"uAiqwVwjJ8-i\",\"savePath\":\"D:\\\\\\\\\"}');
INSERT INTO `bpm_node_info` VALUES ('6F2AE70D41514494AA6DC41635041429', null, '开始节点', 'N01', 'FE8CEC8657D24DB59F81F1FDA5997B81', '215', '25', '35', '200', null);
INSERT INTO `bpm_node_info` VALUES ('76363FAB552D4F878C08325F8C694BC5', '1072', '代码部署插件(SSH)', 'N07', '629ACB317A954FC6BB27EAB4F7819A2A', '215', '325', '35', '200', '{\"serverUserName\":\"root\",\"serverPwd\":\"Ird2019q2\",\"appArtifactLocation\":\"D:\\\\\\\\Project\\\\\\\\Git\\\\\\\\bpm-parent\\\\\\\\bpm-console\\\\\\\\target\\\\\\\\bpm-console.war\",\"appName\":\"bpm-console\",\"tomcatVersion\":\"Tomcat 8.5.8\",\"serverIp\":\"120.77.241.255\",\"tomcatPort\":\"8080\"}');
INSERT INTO `bpm_node_info` VALUES ('77A463E1F5B94CDF85E1AC15803EDF06', null, '开始节点', 'N01', '69AB7255B8134DAB91A6E4C486D218E6', '215', '25', '35', '200', null);
INSERT INTO `bpm_node_info` VALUES ('7852A0A6A99C4F9CB6D90F8354D8446F', '1071', '代码构建插件(MAVEN)', 'N07', '99481A2B1C9C44B4B9E111C99358BB76', '215', '225', '35', '200', '{\"mavenHome\":\"12\",\"appPath\":\"12\",\"mavenParam\":\"12\",\"mavenSettings\":\"12\"}');
INSERT INTO `bpm_node_info` VALUES ('78D59CD1FF0C4682B5CA9C5E9F863126', null, '开始节点', 'N01', '0EAAE41A5E6946E480336F36FFD1BAFC', '215', '25', '35', '200', null);
INSERT INTO `bpm_node_info` VALUES ('7A994A22679146D5943423C1BBCFAEAD', '1071', '代码构建插件(MAVEN)', 'N07', '9779F87387824A129AB1D71B0A4A85AC', '215', '225', '35', '200', '{\"mavenHome\":\"D:\\\\\\\\Tool\\\\\\\\Work\\\\\\\\maven\\\\\\\\apache-maven-3.6.3\",\"appPath\":\"D:\\\\Project\\\\Git\\\\bpm-parent\\\\bpm-console\",\"mavenParam\":\"mvn clean package -U\",\"mavenSettings\":\"D:\\\\\\\\Tool\\\\\\\\Work\\\\\\\\maven\\\\\\\\apache-maven-3.6.3\\\\\\\\myconf\\\\\\\\settings.xml\"}');
INSERT INTO `bpm_node_info` VALUES ('7B057A7CEDBD4AE3AD5E48A1FF1ECF08', '1095', 'git更新插件', 'N07', '165680F31C324DEAA2D4E334BCF64364', '215', '125', '35', '200', '{\"gitLocalPath\":\"D:\\\\\\\\Project\\\\\\\\Git\\\\\\\\bpm-parent\",\"gitRemotePath\":\"https://gitee.com/prd_team/bpm-parent.git\",\"gitUserName\":\"13977421735\",\"gitPassword\":\"lwc88941124\",\"gitBranchName\":\"master\"}');
INSERT INTO `bpm_node_info` VALUES ('7B40EA468DEF4D2A8FBDA0FB733A45D1', null, '开始节点', 'N01', 'C7931E9646754A10A303C62D9435946D', '215', '25', '35', '200', null);
INSERT INTO `bpm_node_info` VALUES ('7B57487905314214845F2B30D8649629', null, '开始节点', 'N01', 'A1C60C6508E44CB8BBE6F5373109590C', '215', '25', '35', '200', null);
INSERT INTO `bpm_node_info` VALUES ('7BD734EF4FB74FEB94CD2B625CE03778', null, '开始节点', 'N01', '52F562E33D7540388F4701C962563295', '215', '25', '35', '200', null);
INSERT INTO `bpm_node_info` VALUES ('7BF71F805EB746428D26DEEEE5FAF5EF', null, '开始节点', 'N01', '8DA2E6B7FBEE4E0F8C3B23678B5F283D', '215', '25', '35', '200', null);
INSERT INTO `bpm_node_info` VALUES ('7CAED89D6B944D4BA4CEBED0C1D8488C', '1095', 'git更新插件', 'N07', '629ACB317A954FC6BB27EAB4F7819A2A', '215', '125', '35', '200', '{\"gitLocalPath\":\"D:\\\\\\\\Project\\\\\\\\Git\\\\\\\\bpm-parent\",\"gitRemotePath\":\"https://gitee.com/prd_team/bpm-parent.git\",\"gitUserName\":\"13977421735\",\"gitPassword\":\"lwc88941124\",\"gitBranchName\":\"master\"}');
INSERT INTO `bpm_node_info` VALUES ('7D75E18A93994CD2BEF3A0BCA43AD188', '1072', '代码部署插件(SSH)', 'N07', '691EA05F27DD45319AE9A69130DEA6F0', '215', '325', '35', '200', '{\"serverUserName\":\"root\",\"serverPwd\":\"lwc123456\",\"appArtifactLocation\":\"D:\\\\Project\\\\Git\\\\bpm-parent\\\\bpm-console\\\\\\\\target\\\\\\\\demo.war\",\"appName\":\"demo\",\"tomcatVersion\":\"Tomcat 8.5.8\",\"serverIp\":\"127.0.0.1\",\"tomcatPort\":\"8080\"}');
INSERT INTO `bpm_node_info` VALUES ('7D8B94E4E4EB43B6BF4F9ADEC79CC65E', '1072', '代码部署插件(SSH)', 'N07', '55D364063A4E4F0DAFBA2AEBDE1BE23D', '215', '325', '35', '200', '{\"serverUserName\":\"root\",\"serverPwd\":\"lwc123456\",\"appArtifactLocation\":\"D:\\\\Project\\\\Git\\\\bpm-parent\\\\bpm-console\\\\\\\\target\\\\\\\\demo.war\",\"appName\":\"demo\",\"tomcatVersion\":\"Tomcat 8.5.8\",\"serverIp\":\"127.0.0.1\",\"tomcatPort\":\"8080\"}');
INSERT INTO `bpm_node_info` VALUES ('7DD239C5E4BB498ABE08A342E0B6ED58', '1095', 'git更新插件', 'N07', 'AC0B816292C049B08ACA321388C0C502', '215', '125', '35', '200', '{\"gitLocalPath\":\"D:\\\\\\\\Project\\\\\\\\Git\\\\\\\\bpm-parent\",\"gitRemotePath\":\"https://gitee.com/prd_team/bpm-parent.git\",\"gitUserName\":\"13977421735\",\"gitPassword\":\"lwc88941124\",\"gitBranchName\":\"master\"}');
INSERT INTO `bpm_node_info` VALUES ('8011647E5E2649B3A13C128DFC317C17', '1095', 'git更新插件', 'N07', '4EA549A26FA04F6790A78CB1C67E5BC6', '215', '125', '35', '200', '{\"gitLocalPath\":\"D:\\\\\\\\Project\\\\\\\\Git\\\\\\\\bpm-parent\",\"gitRemotePath\":\"https://gitee.com/prd_team/bpm-parent.git\",\"gitUserName\":\"13977421735\",\"gitPassword\":\"lwc88941124\",\"gitBranchName\":\"master\"}');
INSERT INTO `bpm_node_info` VALUES ('80EA51A817EE486EB6C82B21B8D3575F', null, '开始节点', 'N01', '629ACB317A954FC6BB27EAB4F7819A2A', '215', '25', '35', '200', null);
INSERT INTO `bpm_node_info` VALUES ('81310CB2A52049C7985DE44E67A95A63', null, '结束节点', 'N99', 'A1C60C6508E44CB8BBE6F5373109590C', '215', '225', '35', '200', null);
INSERT INTO `bpm_node_info` VALUES ('82A8F4CC5916465F90F4A8F0ACC63B55', '1095', 'git更新插件', 'N07', '61C9ADC7E22B43D699263D48B0818FA1', '215', '125', '35', '200', '{\"gitLocalPath\":\"D:\\\\\\\\Project\\\\\\\\Git\\\\\\\\bpm-parent\",\"gitRemotePath\":\"https://gitee.com/prd_team/bpm-parent.git\",\"gitUserName\":\"13977421735\",\"gitPassword\":\"lwc88941124\",\"gitBranchName\":\"master\"}');
INSERT INTO `bpm_node_info` VALUES ('845389F9A88446708635BE54E2FF9AF5', null, '开始节点', 'N01', '691EA05F27DD45319AE9A69130DEA6F0', '215', '25', '35', '200', null);
INSERT INTO `bpm_node_info` VALUES ('84DECDC769FF45699C3365B108CFDA70', '1095', 'git更新插件', 'N07', 'D76DA2EC8E4A46539E02A3E1E1772AC2', '215', '125', '35', '200', '{\"gitLocalPath\":\"D:\\\\\\\\Project\\\\\\\\Git\\\\\\\\bpm-parent\",\"gitRemotePath\":\"https://gitee.com/prd_team/bpm-parent.git\",\"gitUserName\":\"13977421735\",\"gitPassword\":\"lwc88941124\",\"gitBranchName\":\"master\"}');
INSERT INTO `bpm_node_info` VALUES ('85FEDF5788884AF6AF0033EC798804AF', '1072', '代码部署插件(SSH)', 'N07', '778CB183980F45B8A0B83D03F6A0B8BB', '215', '325', '35', '200', '{\"serverUserName\":\"root\",\"serverPwd\":\"lwc123456\",\"appArtifactLocation\":\"D:\\\\Project\\\\Git\\\\bpm-parent\\\\bpm-console\\\\\\\\target\\\\\\\\demo.war\",\"appName\":\"demo\",\"tomcatVersion\":\"Tomcat 8.5.8\",\"serverIp\":\"127.0.0.1\",\"tomcatPort\":\"8080\"}');
INSERT INTO `bpm_node_info` VALUES ('87CCF506B8E14B92ABD0C6CD9B5DB715', '1072', '代码部署插件(SSH)', 'N07', '5B3F45B14DEB4B32AEB77B70BE009EBD', '215', '325', '35', '200', '{\"serverUserName\":\"root\",\"serverPwd\":\"lwc123456\",\"appArtifactLocation\":\"D:\\\\Project\\\\Git\\\\bpm-parent\\\\bpm-console\\\\\\\\target\\\\\\\\demo.war\",\"appName\":\"demo\",\"tomcatVersion\":\"Tomcat 8.5.8\",\"serverIp\":\"127.0.0.1\",\"tomcatPort\":\"8080\"}');
INSERT INTO `bpm_node_info` VALUES ('87EAF21C38FD4525AA53E12E5EF4899A', null, '结束节点', 'N99', 'AEB65DE74CF745919B0F20784C53CD26', '215', '225', '35', '200', null);
INSERT INTO `bpm_node_info` VALUES ('87FFAD91C4AD4094B7AF08AE9E5524A6', '1071', '代码构建插件(MAVEN)', 'N07', '165680F31C324DEAA2D4E334BCF64364', '215', '225', '35', '200', '{\"mavenHome\":\"D:\\\\\\\\Tool\\\\\\\\Work\\\\\\\\maven\\\\\\\\apache-maven-3.6.3\",\"appPath\":\"D:\\\\Project\\\\Git\\\\bpm-parent\\\\bpm-console\",\"mavenParam\":\"mvn clean package -U\",\"mavenSettings\":\"D:\\\\\\\\Tool\\\\\\\\Work\\\\\\\\maven\\\\\\\\apache-maven-3.6.3\\\\\\\\myconf\\\\\\\\settings.xml\"}');
INSERT INTO `bpm_node_info` VALUES ('887D700412804CBD8A18B04EA87EAA29', '1072', '代码部署插件(SSH)', 'N07', 'CB48675D939642FA8F3102659EA7D719', '215', '325', '35', '200', '{\"serverUserName\":\"root\",\"serverPwd\":\"lwc123456\",\"appArtifactLocation\":\"1111111\\\\\\\\target\\\\\\\\test.war\",\"appName\":\"test\",\"tomcatVersion\":\"Tomcat 8.5.8\",\"serverIp\":\"127.0.0.1\",\"tomcatPort\":\"8080\"}');
INSERT INTO `bpm_node_info` VALUES ('88F7F8538C304ABD96F7EDECF1146A67', null, '结束节点', 'N99', '69AB7255B8134DAB91A6E4C486D218E6', '215', '425', '35', '200', null);
INSERT INTO `bpm_node_info` VALUES ('89E71B36896342B78F62BBC99BC9C5C0', '1071', '代码构建插件(MAVEN)', 'N07', '0EAAE41A5E6946E480336F36FFD1BAFC', '215', '225', '35', '200', '{\"mavenHome\":\"D:\\\\\\\\Tool\\\\\\\\Work\\\\\\\\maven\\\\\\\\apache-maven-3.6.3\",\"appPath\":\"D:\\\\\\\\Project\\\\\\\\Git\\\\\\\\batch-parent\\\\\\\\batch-migrate\",\"mavenParam\":\"mvn clean package -U\",\"mavenSettings\":\"D:\\\\\\\\Tool\\\\\\\\Work\\\\\\\\maven\\\\\\\\apache-maven-3.6.3\\\\\\\\myconf\\\\\\\\settings.xml\"}');
INSERT INTO `bpm_node_info` VALUES ('8ABAB2FA32144425BDC4B80794E3839F', null, '结束节点', 'N99', 'E452E8284206452C96F1CA0C06F73228', '215', '225', '35', '200', null);
INSERT INTO `bpm_node_info` VALUES ('8AC0E38C7D1B4F5BACF878FAD88D2923', '1072', '代码部署插件(SSH)', 'N07', '3D2B233586CC4A9CB885A7D035633E4C', '215', '325', '35', '200', '{\"serverUserName\":\"root\",\"serverPwd\":\"lwc123456\",\"appArtifactLocation\":\"D:\\\\Project\\\\Git\\\\bpm-parent\\\\bpm-console\\\\\\\\target\\\\\\\\demo.war\",\"appName\":\"demo\",\"tomcatVersion\":\"Tomcat 8.5.8\",\"serverIp\":\"127.0.0.1\",\"tomcatPort\":\"8080\"}');
INSERT INTO `bpm_node_info` VALUES ('8B69FB2BBFAA43E89D1DF856EA723285', null, '开始节点', 'N01', '7D80E24C315248A39C4978EBB880CD46', '215', '25', '35', '200', null);
INSERT INTO `bpm_node_info` VALUES ('9102C487F04148EE8FB854362EEF8765', '1071', '代码构建插件(MAVEN)', 'N07', '5B3F45B14DEB4B32AEB77B70BE009EBD', '215', '225', '35', '200', '{\"mavenHome\":\"D:\\\\\\\\Tool\\\\\\\\Work\\\\\\\\maven\\\\\\\\apache-maven-3.6.3\",\"appPath\":\"D:\\\\Project\\\\Git\\\\bpm-parent\\\\bpm-console\",\"mavenParam\":\"mvn clean package -U\",\"mavenSettings\":\"D:\\\\\\\\Tool\\\\\\\\Work\\\\\\\\maven\\\\\\\\apache-maven-3.6.3\\\\\\\\myconf\\\\\\\\settings.xml\"}');
INSERT INTO `bpm_node_info` VALUES ('9226BFCD28244E8C9013CBBD183F4F2D', null, '开始节点', 'N01', '778CB183980F45B8A0B83D03F6A0B8BB', '215', '25', '35', '200', null);
INSERT INTO `bpm_node_info` VALUES ('92F9376C3BC04F0CAB8B4D721156BC1D', '1072', '代码部署插件(SSH)', 'N07', 'F474477FA9FA4ABCBD2667AA68BCAF07', '215', '325', '35', '200', '{\"serverUserName\":\"root\",\"serverPwd\":\"lwc123456\",\"appArtifactLocation\":\"1111111\\\\\\\\target\\\\\\\\test.war\",\"appName\":\"test\",\"tomcatVersion\":\"Tomcat 8.5.8\",\"serverIp\":\"127.0.0.1\",\"tomcatPort\":\"8080\"}');
INSERT INTO `bpm_node_info` VALUES ('96587BB09ED34F04B7ECFDFC0A43209D', '1071', '代码构建插件(MAVEN)', 'N07', 'F474477FA9FA4ABCBD2667AA68BCAF07', '215', '225', '35', '200', '{\"mavenHome\":\"111111122222222\",\"appPath\":\"1111111\",\"mavenParam\":\"11111111\",\"mavenSettings\":\"11111111222222\"}');
INSERT INTO `bpm_node_info` VALUES ('96A28E837B3D466D9851E6CA7D807847', null, '开始节点', 'N01', '29128D6CD09D47F4B7896AA9D8A205D0', '215', '25', '35', '200', null);
INSERT INTO `bpm_node_info` VALUES ('990F883C2C1C4C0C89D40240D34A702D', null, '结束节点', 'N99', '0EAAE41A5E6946E480336F36FFD1BAFC', '215', '425', '35', '200', null);
INSERT INTO `bpm_node_info` VALUES ('9AD03C9B927A4F9BA621EEE654E784E2', '1071', '代码构建插件(MAVEN)', 'N07', '4EA549A26FA04F6790A78CB1C67E5BC6', '215', '225', '35', '200', '{\"mavenHome\":\"D:\\\\\\\\Tool\\\\\\\\Work\\\\\\\\maven\\\\\\\\apache-maven-3.6.3\",\"appPath\":\"D:\\\\Project\\\\Git\\\\bpm-parent\\\\bpm-console\",\"mavenParam\":\"mvn clean package -U\",\"mavenSettings\":\"D:\\\\\\\\Tool\\\\\\\\Work\\\\\\\\maven\\\\\\\\apache-maven-3.6.3\\\\\\\\myconf\\\\\\\\settings.xml\"}');
INSERT INTO `bpm_node_info` VALUES ('9C4BA6A037524E629C492F9A5BB62C55', '1095', 'git更新插件', 'N07', 'F474477FA9FA4ABCBD2667AA68BCAF07', '215', '125', '35', '200', '{\"gitLocalPath\":\"121112222\",\"gitRemotePath\":\"1231111\",\"gitUserName\":\"12111\",\"gitPassword\":\"12111\",\"gitBranchName\":\"12111222222\"}');
INSERT INTO `bpm_node_info` VALUES ('9CD3AE5620454C3DAC0F2A3F5C2F14D1', null, '结束节点', 'N99', '691EA05F27DD45319AE9A69130DEA6F0', '215', '425', '35', '200', null);
INSERT INTO `bpm_node_info` VALUES ('9D11D7EBF7E746F6A8A35BB0A5FBF711', '1096', 'MySQL备份插件', 'N07', '8C0A2E63BF084E5DA7EAB4BB8B2E1760', '215', '125', '35', '200', null);
INSERT INTO `bpm_node_info` VALUES ('A3A00507C6BB456D810F03305273E0CB', '1095', 'git更新插件', 'N07', '691EA05F27DD45319AE9A69130DEA6F0', '215', '125', '35', '200', '{\"gitLocalPath\":\"D:\\\\\\\\Project\\\\\\\\Git\\\\\\\\bpm-parent\",\"gitRemotePath\":\"https://gitee.com/prd_team/bpm-parent.git\",\"gitUserName\":\"13977421735\",\"gitPassword\":\"lwc88941124\",\"gitBranchName\":\"master\"}');
INSERT INTO `bpm_node_info` VALUES ('A41D54E15B434219926229F8B7048252', '1072', '代码部署插件(SSH)', 'N07', '9779F87387824A129AB1D71B0A4A85AC', '215', '325', '35', '200', '{\"serverUserName\":\"root\",\"serverPwd\":\"lwc123456\",\"appArtifactLocation\":\"D:\\\\Project\\\\Git\\\\bpm-parent\\\\bpm-console\\\\\\\\target\\\\\\\\demo.war\",\"appName\":\"demo\",\"tomcatVersion\":\"Tomcat 8.5.8\",\"serverIp\":\"127.0.0.1\",\"tomcatPort\":\"8080\"}');
INSERT INTO `bpm_node_info` VALUES ('A4CD899F43174FA99DBEF2D7B3A43325', null, '开始节点', 'N01', '04C250B22ED0492BBB2ED2D5072F8B8B', '215', '25', '35', '200', null);
INSERT INTO `bpm_node_info` VALUES ('A570EC11670A4C58A486BB8EA0BC7A37', '1072', '代码部署插件(SSH)', 'N07', '7589B638A504439AB196611B63C8AF3F', '213', '294', '35', '200', null);
INSERT INTO `bpm_node_info` VALUES ('AB0AAED5BB864986B975D4E377E5DD91', null, '开始节点', 'N01', 'AC0B816292C049B08ACA321388C0C502', '215', '25', '35', '200', null);
INSERT INTO `bpm_node_info` VALUES ('AC0C34B73DD445A1914E29D5B943D9C9', '1095', 'git更新插件', 'N07', '778CB183980F45B8A0B83D03F6A0B8BB', '215', '125', '35', '200', '{\"gitLocalPath\":\"D:\\\\\\\\Project\\\\\\\\Git\\\\\\\\bpm-parent\",\"gitRemotePath\":\"https://gitee.com/prd_team/bpm-parent.git\",\"gitUserName\":\"13977421735\",\"gitPassword\":\"lwc88941124\",\"gitBranchName\":\"master\"}');
INSERT INTO `bpm_node_info` VALUES ('AC72411601F3457DA62DDC464CEB85C9', '1095', 'git更新插件', 'N07', '7589B638A504439AB196611B63C8AF3F', '215', '125', '35', '200', '{\"gitLocalPath\":\"D:\\\\\\\\Project\\\\\\\\Git\\\\\\\\bpm-parent\",\"gitRemotePath\":\"https://gitee.com/prd_team/bpm-parent.git\",\"gitUserName\":\"13977421735\",\"gitPassword\":\"lwc88941124\",\"gitBranchName\":\"master\"}');
INSERT INTO `bpm_node_info` VALUES ('AD8E1B33D23544538C213DDFD0A247BF', '1095', 'git更新插件', 'N07', '55D364063A4E4F0DAFBA2AEBDE1BE23D', '215', '125', '35', '200', '{\"gitLocalPath\":\"D:\\\\\\\\Project\\\\\\\\Git\\\\\\\\bpm-parent\",\"gitRemotePath\":\"https://gitee.com/prd_team/bpm-parent.git\",\"gitUserName\":\"13977421735\",\"gitPassword\":\"lwc88941124\",\"gitBranchName\":\"master\"}');
INSERT INTO `bpm_node_info` VALUES ('AE2B6BD3E31A4C749CC7E8BA01ABD966', '1095', 'git更新插件', 'N07', 'CB48675D939642FA8F3102659EA7D719', '215', '125', '35', '200', '{\"gitLocalPath\":\"12111\",\"gitRemotePath\":\"1231111\",\"gitUserName\":\"12111\",\"gitPassword\":\"12111\",\"gitBranchName\":\"12111\"}');
INSERT INTO `bpm_node_info` VALUES ('AE7BEC37F44446EFB1E26EEEF4F9A687', null, '开始节点', 'N01', 'F474477FA9FA4ABCBD2667AA68BCAF07', '215', '25', '35', '200', null);
INSERT INTO `bpm_node_info` VALUES ('AF2FB8512A5C48F48EAEDD86ACF2AB41', '1071', '代码构建插件(MAVEN)', 'N07', 'D76DA2EC8E4A46539E02A3E1E1772AC2', '215', '225', '35', '200', '{\"mavenHome\":\"D:\\\\\\\\Tool\\\\\\\\Work\\\\\\\\maven\\\\\\\\apache-maven-3.6.3\",\"appPath\":\"D:\\\\Project\\\\Git\\\\bpm-parent\\\\bpm-console\",\"mavenParam\":\"mvn clean package -U\",\"mavenSettings\":\"D:\\\\\\\\Tool\\\\\\\\Work\\\\\\\\maven\\\\\\\\apache-maven-3.6.3\\\\\\\\myconf\\\\\\\\settings.xml\"}');
INSERT INTO `bpm_node_info` VALUES ('AFC193BCE3504BCA9C4099762B444957', null, '开始节点', 'N01', 'E452E8284206452C96F1CA0C06F73228', '215', '25', '35', '200', null);
INSERT INTO `bpm_node_info` VALUES ('AFD28C6062054D009476B5B18496EB5B', '1072', '代码部署插件(SSH)', 'N07', '27E2B9127988429DB3B3849E9791F49E', '215', '325', '35', '200', '{\"serverUserName\":\"root\",\"serverPwd\":\"Ird2019q2\",\"appArtifactLocation\":\"D:\\\\\\\\Project\\\\\\\\Git\\\\\\\\bpm-parent\\\\\\\\bpm-console\\\\\\\\target\\\\\\\\bpm-console.war\",\"appName\":\"bpm-console\",\"tomcatVersion\":\"Tomcat 8.5.8\",\"serverIp\":\"127.0.0.1\",\"tomcatPort\":\"8080\"}');
INSERT INTO `bpm_node_info` VALUES ('B06056A780F44714B0B2F68D89147C47', '1095', 'git更新插件', 'N07', '3D2B233586CC4A9CB885A7D035633E4C', '215', '125', '35', '200', '{\"gitLocalPath\":\"D:\\\\\\\\Project\\\\\\\\Git\\\\\\\\bpm-parent\",\"gitRemotePath\":\"https://gitee.com/prd_team/bpm-parent.git\",\"gitUserName\":\"13977421735\",\"gitPassword\":\"lwc88941124\",\"gitBranchName\":\"master\"}');
INSERT INTO `bpm_node_info` VALUES ('B1820F1060024508BFDB2FCA15683A83', '1072', '代码部署插件(SSH)', 'N07', '778CB183980F45B8A0B83D03F6A0B8BB', '215', '325', '35', '200', '{\"serverUserName\":\"root\",\"serverPwd\":\"lwc123456\",\"appArtifactLocation\":\"D:\\\\Project\\\\Git\\\\bpm-parent\\\\bpm-console\\\\\\\\target\\\\\\\\demo.war\",\"appName\":\"demo\",\"tomcatVersion\":\"Tomcat 8.5.8\",\"serverIp\":\"127.0.0.1\",\"tomcatPort\":\"8080\"}');
INSERT INTO `bpm_node_info` VALUES ('B2DFE449039B4F579572857B59D551E2', null, '结束节点', 'N99', '27E2B9127988429DB3B3849E9791F49E', '215', '425', '35', '200', null);
INSERT INTO `bpm_node_info` VALUES ('B7CC06707992489787888DB82D7284A9', '1071', '代码构建插件(MAVEN)', 'N07', '1ED9680E79964A22A510CE3C99811E04', '215', '225', '35', '200', '{\"mavenHome\":\"1111111\",\"appPath\":\"1111111\",\"mavenParam\":\"11111111\",\"mavenSettings\":\"11111111\"}');
INSERT INTO `bpm_node_info` VALUES ('B83F6AE011DB4ABE8D7BBE1B681E8BE0', '1072', '代码部署插件(SSH)', 'N07', '7D80E24C315248A39C4978EBB880CD46', '215', '325', '35', '200', '{\"serverUserName\":\"root\",\"serverPwd\":\"lwc123456\",\"appArtifactLocation\":\"1111111\\\\\\\\target\\\\\\\\test.war\",\"appName\":\"test\",\"tomcatVersion\":\"Tomcat 8.5.8\",\"serverIp\":\"127.0.0.1\",\"tomcatPort\":\"8080\"}');
INSERT INTO `bpm_node_info` VALUES ('BA8E101D4D9C4B01868044E1FB200C61', null, '开始节点', 'N01', '7589B638A504439AB196611B63C8AF3F', '215', '25', '35', '200', null);
INSERT INTO `bpm_node_info` VALUES ('BB2D865A3979417C8CB661558A0FD72B', null, '结束节点', 'N99', '33FDBEC78BE74BE397635F880F6C6DFE', '215', '425', '35', '200', null);
INSERT INTO `bpm_node_info` VALUES ('BCD3D4133DAB429B826F0E3F0BC8DF45', '1072', '代码部署插件(SSH)', 'N07', '4EA549A26FA04F6790A78CB1C67E5BC6', '215', '325', '35', '200', '{\"serverUserName\":\"root\",\"serverPwd\":\"lwc123456\",\"appArtifactLocation\":\"D:\\\\Project\\\\Git\\\\bpm-parent\\\\bpm-console\\\\\\\\target\\\\\\\\demo.war\",\"appName\":\"demo\",\"tomcatVersion\":\"Tomcat 8.5.8\",\"serverIp\":\"127.0.0.1\",\"tomcatPort\":\"8080\"}');
INSERT INTO `bpm_node_info` VALUES ('C1839600C8604D1D84159886A2CDE2EA', '1095', 'git更新插件', 'N07', 'C8E8E4022A394CDD81131B17FE6FDE1A', '215', '125', '35', '200', '{\"gitLocalPath\":\"D:\\\\\\\\Project\\\\\\\\Git\\\\\\\\bpm-parent\",\"gitRemotePath\":\"https://gitee.com/prd_team/bpm-parent.git\",\"gitUserName\":\"13977421735\",\"gitPassword\":\"lwc88941124\",\"gitBranchName\":\"master\"}');
INSERT INTO `bpm_node_info` VALUES ('C533B23AF1364052945267DAF7E26CCB', '1095', 'git更新插件', 'N07', '69AB7255B8134DAB91A6E4C486D218E6', '215', '125', '35', '200', '{\"gitLocalPath\":\"D:\\\\\\\\Project\\\\\\\\Git\\\\\\\\bpm-parent\",\"gitRemotePath\":\"https://gitee.com/prd_team/bpm-parent.git\",\"gitUserName\":\"13977421735\",\"gitPassword\":\"lwc88941124\",\"gitBranchName\":\"master\"}');
INSERT INTO `bpm_node_info` VALUES ('C6CC682B13D64CDAB4A96F3E80F4E240', '1096', 'MySQL备份插件', 'N07', 'AEB65DE74CF745919B0F20784C53CD26', '215', '125', '35', '200', null);
INSERT INTO `bpm_node_info` VALUES ('C9F64035AF624F57BE7582986285CBFC', '1095', 'git更新插件', 'N07', '0BE174CB253E4EE39798CC8AF83843FF', '215', '125', '35', '200', '{\"gitLocalPath\":\"D:\\\\\\\\Project\\\\\\\\Git\\\\\\\\bpm-parent\",\"gitRemotePath\":\"https://gitee.com/prd_team/bpm-parent.git\",\"gitUserName\":\"13977421735\",\"gitPassword\":\"lwc88941124\",\"gitBranchName\":\"master\"}');
INSERT INTO `bpm_node_info` VALUES ('CBD3E0A808DC4772BAEA036A5D88D8F7', null, '开始节点', 'N01', '60B5C313DE9043D2955F5DA1A1D83C31', '215', '25', '35', '200', null);
INSERT INTO `bpm_node_info` VALUES ('CC224D03D3FF452CBEC35C40DBFDE9E3', null, '开始节点', 'N01', 'D2847BA22AF44C47AE278EBA47475A23', '215', '25', '35', '200', null);
INSERT INTO `bpm_node_info` VALUES ('CFA80282B4D74F9E80430C24B32B4F6D', null, '开始节点', 'N01', '8C0A2E63BF084E5DA7EAB4BB8B2E1760', '215', '25', '35', '200', null);
INSERT INTO `bpm_node_info` VALUES ('D0D8EA0792B142FFBF43F1CF4566196B', '1072', '代码部署插件(SSH)', 'N07', '61C9ADC7E22B43D699263D48B0818FA1', '215', '325', '35', '200', '{\"serverUserName\":\"root\",\"serverPwd\":\"lwc123456\",\"appArtifactLocation\":\"D:\\\\Project\\\\Git\\\\bpm-parent\\\\bpm-console\\\\\\\\target\\\\\\\\demo.war\",\"appName\":\"demo\",\"tomcatVersion\":\"Tomcat 8.5.8\",\"serverIp\":\"127.0.0.1\",\"tomcatPort\":\"8080\"}');
INSERT INTO `bpm_node_info` VALUES ('D1E176C4A6B94517B2D9D75FDA2E19FC', null, '开始节点', 'N01', '1ED9680E79964A22A510CE3C99811E04', '215', '25', '35', '200', null);
INSERT INTO `bpm_node_info` VALUES ('D839C991209B4D62817A308560377ACD', '1072', '代码部署插件(SSH)', 'N07', '345E98C681FE4699887E2C63F8BEDD0E', '215', '325', '35', '200', '{\"serverUserName\":\"root\",\"serverPwd\":\"lwc123456\",\"appArtifactLocation\":\"D:\\\\Project\\\\Git\\\\bpm-parent\\\\bpm-console\\\\\\\\target\\\\\\\\demo.war\",\"appName\":\"demo\",\"tomcatVersion\":\"Tomcat 8.5.8\",\"serverIp\":\"127.0.0.1\",\"tomcatPort\":\"8080\"}');
INSERT INTO `bpm_node_info` VALUES ('D902FCEB511B4321912E5CD7B9DFC758', '1095', 'git更新插件', 'N07', '345E98C681FE4699887E2C63F8BEDD0E', '215', '125', '35', '200', '{\"gitLocalPath\":\"D:\\\\\\\\Project\\\\\\\\Git\\\\\\\\bpm-parent\",\"gitRemotePath\":\"https://gitee.com/prd_team/bpm-parent.git\",\"gitUserName\":\"13977421735\",\"gitPassword\":\"lwc88941124\",\"gitBranchName\":\"master\"}');
INSERT INTO `bpm_node_info` VALUES ('D959815F4B8244F384FAD8E7F880D535', '1095', 'git更新插件', 'N07', 'C7931E9646754A10A303C62D9435946D', '215', '125', '35', '200', '{\"gitLocalPath\":\"D:\\\\\\\\Project\\\\\\\\Git\\\\\\\\bpm-parent\",\"gitRemotePath\":\"https://gitee.com/prd_team/bpm-parent.git\",\"gitUserName\":\"13977421735\",\"gitPassword\":\"lwc88941124\",\"gitBranchName\":\"master\"}');
INSERT INTO `bpm_node_info` VALUES ('DAA9035304104C859B727E65961A0F1D', null, '结束节点', 'N99', '778CB183980F45B8A0B83D03F6A0B8BB', '215', '425', '35', '200', null);
INSERT INTO `bpm_node_info` VALUES ('DAB3039C07B3467AA56CB5D42889F4F0', '1095', 'git更新插件', 'N07', '60B5C313DE9043D2955F5DA1A1D83C31', '215', '125', '35', '200', '{\"gitLocalPath\":\"D:\\\\\\\\Project\\\\\\\\Git\\\\\\\\batch-parent\",\"gitRemotePath\":\"https://gitee.com/prd_team/batch-parent.git\",\"gitUserName\":\"13977421735\",\"gitPassword\":\"lwc88941124\",\"gitBranchName\":\"master\"}');
INSERT INTO `bpm_node_info` VALUES ('DCC5E3CFC1B549C99596C4DA371FEBB9', '1071', '代码构建插件(MAVEN)', 'N07', 'C7931E9646754A10A303C62D9435946D', '215', '225', '35', '200', '{\"mavenHome\":\"D:\\\\\\\\Tool\\\\\\\\Work\\\\\\\\maven\\\\\\\\apache-maven-3.6.3\",\"appPath\":\"D:\\\\Project\\\\Git\\\\bpm-parent\\\\bpm-console\",\"mavenParam\":\"mvn clean package -U\",\"mavenSettings\":\"D:\\\\\\\\Tool\\\\\\\\Work\\\\\\\\maven\\\\\\\\apache-maven-3.6.3\\\\\\\\myconf\\\\\\\\settings.xml\"}');
INSERT INTO `bpm_node_info` VALUES ('DCF4E76CD4A04D4BA29DC5FC366E09E6', '1072', '代码部署插件(SSH)', 'N07', 'C8E8E4022A394CDD81131B17FE6FDE1A', '215', '325', '35', '200', '{\"serverUserName\":\"root\",\"serverPwd\":\"lwc123456\",\"appArtifactLocation\":\"D:\\\\Project\\\\Git\\\\bpm-parent\\\\bpm-console\\\\\\\\target\\\\\\\\demo.war\",\"appName\":\"demo\",\"tomcatVersion\":\"Tomcat 8.5.8\",\"serverIp\":\"127.0.0.1\",\"tomcatPort\":\"8080\"}');
INSERT INTO `bpm_node_info` VALUES ('DEDB46A834D84B469E8F970D0AA39E42', null, '结束节点', 'N99', '5B3F45B14DEB4B32AEB77B70BE009EBD', '215', '425', '35', '200', null);
INSERT INTO `bpm_node_info` VALUES ('E102C7BEB3B0432E940D975A730D250C', '1071', '代码构建插件(MAVEN)', 'N07', '7D80E24C315248A39C4978EBB880CD46', '215', '225', '35', '200', '{\"mavenHome\":\"1111111\",\"appPath\":\"1111111\",\"mavenParam\":\"11111111\",\"mavenSettings\":\"11111111\"}');
INSERT INTO `bpm_node_info` VALUES ('E11001B8FADC4D8C9840C9B009BD811A', null, '结束节点', 'N99', '60B5C313DE9043D2955F5DA1A1D83C31', '215', '425', '35', '200', null);
INSERT INTO `bpm_node_info` VALUES ('E25FDDF1B3264D2C91EE3F88ADA5EE6B', '1072', '代码部署插件(SSH)', 'N07', '60B5C313DE9043D2955F5DA1A1D83C31', '215', '325', '35', '200', '{\"serverUserName\":\"root\",\"serverPwd\":\"lwc123456\",\"appArtifactLocation\":\"D:\\\\\\\\Project\\\\\\\\Git\\\\\\\\batch-parent\\\\\\\\batch-console\\\\\\\\target\\\\\\\\batch-console.war\",\"appName\":\"batch-console\",\"tomcatVersion\":\"Tomcat 8.5.8\",\"serverIp\":\"127.0.0.1\",\"tomcatPort\":\"8080\"}');
INSERT INTO `bpm_node_info` VALUES ('E3E99FEF1CB34F928D086866758A7F10', '1072', '代码部署插件(SSH)', 'N07', 'D2847BA22AF44C47AE278EBA47475A23', '215', '325', '35', '200', '[{\"serverUserName\":\"root\",\"serverPwd\":\"lwc123456\",\"appArtifactLocation\":\"D:\\\\Project\\\\Git\\\\bpm-parent\\\\bpm-console\\\\\\\\target\\\\\\\\demo.war\",\"appName\":\"demo\",\"tomcatVersion\":\"Tomcat 8.5.8\",\"serverIp\":\"127.0.0.1\",\"tomcatPort\":\"8080\"}]');
INSERT INTO `bpm_node_info` VALUES ('E4BD7C3170F34F1E81D48B83EA72EC6A', null, '开始节点', 'N01', '99481A2B1C9C44B4B9E111C99358BB76', '215', '25', '35', '200', null);
INSERT INTO `bpm_node_info` VALUES ('E4E71D06DCDB458CBDA2D82F2A2D942A', null, '结束节点', 'N99', '8DA2E6B7FBEE4E0F8C3B23678B5F283D', '215', '225', '35', '200', null);
INSERT INTO `bpm_node_info` VALUES ('E57C13F6B0234DE4AEB329BDA194AA7F', null, '开始节点', 'N01', '5B3F45B14DEB4B32AEB77B70BE009EBD', '215', '25', '35', '200', null);
INSERT INTO `bpm_node_info` VALUES ('E68F887B06774BBAB5422B333C9A21CD', '1071', '代码构建插件(MAVEN)', 'N07', '61C9ADC7E22B43D699263D48B0818FA1', '215', '225', '35', '200', '{\"mavenHome\":\"D:\\\\\\\\Tool\\\\\\\\Work\\\\\\\\maven\\\\\\\\apache-maven-3.6.3\",\"appPath\":\"D:\\\\Project\\\\Git\\\\bpm-parent\\\\bpm-console\",\"mavenParam\":\"mvn clean package -U\",\"mavenSettings\":\"D:\\\\\\\\Tool\\\\\\\\Work\\\\\\\\maven\\\\\\\\apache-maven-3.6.3\\\\\\\\myconf\\\\\\\\settings.xml\"}');
INSERT INTO `bpm_node_info` VALUES ('E6995C2950644AF59241D352E5A41C02', '1095', 'git更新插件', 'N07', '8F9C047E1FB5422E9CDFE68ECA3617D4', '215', '125', '35', '200', '{\"gitLocalPath\":\"D:\\\\\\\\Project\\\\\\\\Git\\\\\\\\bpm-parent\",\"gitRemotePath\":\"https://gitee.com/prd_team/bpm-parent.git\",\"gitUserName\":\"13977421735\",\"gitPassword\":\"lwc88941124\",\"gitBranchName\":\"master\"}');
INSERT INTO `bpm_node_info` VALUES ('E74AF10338354C3DB14168B45D8CB417', null, '开始节点', 'N01', 'D76DA2EC8E4A46539E02A3E1E1772AC2', '215', '25', '35', '200', null);
INSERT INTO `bpm_node_info` VALUES ('E830F6700D78434CB15EB32EAF235E57', '1071', '代码构建插件(MAVEN)', 'N07', '778CB183980F45B8A0B83D03F6A0B8BB', '215', '225', '35', '200', '{\"mavenHome\":\"D:\\\\\\\\Tool\\\\\\\\Work\\\\\\\\maven\\\\\\\\apache-maven-3.6.3\",\"appPath\":\"D:\\\\Project\\\\Git\\\\bpm-parent\\\\bpm-console\",\"mavenParam\":\"mvn clean package -U\",\"mavenSettings\":\"D:\\\\\\\\Tool\\\\\\\\Work\\\\\\\\maven\\\\\\\\apache-maven-3.6.3\\\\\\\\myconf\\\\\\\\settings.xml\"}');
INSERT INTO `bpm_node_info` VALUES ('ED00B634C4424761BB2B5D56BA2B5865', '1095', 'git更新插件', 'N07', '7D80E24C315248A39C4978EBB880CD46', '215', '125', '35', '200', '{\"gitLocalPath\":\"12111\",\"gitRemotePath\":\"1231111\",\"gitUserName\":\"12111\",\"gitPassword\":\"12111\",\"gitBranchName\":\"12111\"}');
INSERT INTO `bpm_node_info` VALUES ('F1AE54733B6B45DEBE40B21BFD5CFE6B', null, '开始节点', 'N01', 'AEB65DE74CF745919B0F20784C53CD26', '215', '25', '35', '200', null);
INSERT INTO `bpm_node_info` VALUES ('F249E60B2E5C48D3A137B0840796D72E', null, '结束节点', 'N99', 'E68EB83CF734432796117C5B73D18F72', '215', '225', '35', '200', null);
INSERT INTO `bpm_node_info` VALUES ('F2BFB261864F453DB0DDF63C819AB8DC', null, '结束节点', 'N99', '52F562E33D7540388F4701C962563295', '215', '225', '35', '200', null);
INSERT INTO `bpm_node_info` VALUES ('F3BBE95333D448668211F7C287DBC0F7', null, '结束节点', 'N99', '8CD1E6E27ED7430CA977BC6555B56490', '215', '125', '35', '200', null);
INSERT INTO `bpm_node_info` VALUES ('F4822990231A4B78B00E1729DFBEC469', '1072', '代码部署插件(SSH)', 'N07', '1AC24935B0134A2BAF6C9485140D0A5A', '215', '325', '35', '200', '{\"serverPwd\":\"devops\",\"serverUserName\":\"root\",\"appArtifactLocation\":\"D:\\\\\\\\Project\\\\\\\\Git\\\\\\\\bpm-parent\\\\\\\\bpm-console\\\\\\\\target\\\\\\\\bpm-console.war\",\"appName\":\"bpm-console\",\"tomcatVersion\":\"7\",\"serverIp\":\"120.77.241.255\",\"tomcatPort\":\"8080\"}');
INSERT INTO `bpm_node_info` VALUES ('F496B86B032043DFBFB0FECBAB46C734', null, '结束节点', 'N99', 'F474477FA9FA4ABCBD2667AA68BCAF07', '215', '425', '35', '200', null);
INSERT INTO `bpm_node_info` VALUES ('F5EFEFC802A2408C8ADBC18C7BFD0C36', '1072', '代码部署插件(SSH)', 'N07', '9779F87387824A129AB1D71B0A4A85AC', '215', '325', '35', '200', '{\"serverUserName\":\"root\",\"serverPwd\":\"lwc123456\",\"appArtifactLocation\":\"D:\\\\Project\\\\Git\\\\bpm-parent\\\\bpm-console\\\\\\\\target\\\\\\\\demo.war\",\"appName\":\"demo\",\"tomcatVersion\":\"Tomcat 8.5.8\",\"serverIp\":\"127.0.0.1\",\"tomcatPort\":\"8080\"}');
INSERT INTO `bpm_node_info` VALUES ('F65E4B8F1FD3406AB0FD0E53F47B3E4A', '1096', 'MySQL备份插件', 'N07', '8DA2E6B7FBEE4E0F8C3B23678B5F283D', '215', '125', '35', '200', null);
INSERT INTO `bpm_node_info` VALUES ('F9F8FEE42F7344F8A993525F3CF86CC5', '1071', '代码构建插件(MAVEN)', 'N07', 'CB48675D939642FA8F3102659EA7D719', '215', '225', '35', '200', '{\"mavenHome\":\"1111111\",\"appPath\":\"1111111\",\"mavenParam\":\"11111111\",\"mavenSettings\":\"11111111\"}');
INSERT INTO `bpm_node_info` VALUES ('FA558E5376704F5A8963BC96DE6087BE', '1071', '代码构建插件(MAVEN)', 'N07', '629ACB317A954FC6BB27EAB4F7819A2A', '215', '225', '35', '200', '{\"mavenHome\":\"D:\\\\\\\\Tool\\\\\\\\Work\\\\\\\\maven\\\\\\\\apache-maven-3.6.3\",\"appPath\":\"D:\\\\\\\\Project\\\\\\\\Git\\\\\\\\bpm-parent\\\\\\\\bpm-console\",\"mavenParam\":\"mvn clean package -U\",\"mavenSettings\":\"D:\\\\\\\\Tool\\\\\\\\Work\\\\\\\\maven\\\\\\\\apache-maven-3.6.3\\\\\\\\myconf\\\\\\\\settings.xml\"}');
INSERT INTO `bpm_node_info` VALUES ('FB79F10E85C24F0B98DF9FA54404D9FD', null, '结束节点', 'N99', '75164182F28E406F90B92B0C1882A8DA', '215', '125', '35', '200', null);
INSERT INTO `bpm_node_info` VALUES ('FD0347A608B3437DB5959DF01B5A65A9', null, '开始节点', 'N01', '55D364063A4E4F0DAFBA2AEBDE1BE23D', '215', '25', '35', '200', null);
INSERT INTO `bpm_node_info` VALUES ('FF496C0BA2204478BD414D9E8B2CCFBD', '1072', '代码部署插件(SSH)', 'N07', '8F9C047E1FB5422E9CDFE68ECA3617D4', '215', '325', '35', '200', '{\"serverUserName\":\"root\",\"serverPwd\":\"lwc123456\",\"appArtifactLocation\":\"D:\\\\Project\\\\Git\\\\bpm-parent\\\\bpm-console\\\\\\\\target\\\\\\\\demo.war\",\"appName\":\"demo\",\"tomcatVersion\":\"Tomcat 8.5.8\",\"serverIp\":\"127.0.0.1\",\"tomcatPort\":\"8080\"}');
INSERT INTO `bpm_node_info` VALUES ('FF75EAE3B58D45AA94C1136A9F9FAFF5', null, '开始节点', 'N01', '3D2B233586CC4A9CB885A7D035633E4C', '215', '25', '35', '200', null);
INSERT INTO `bpm_node_info` VALUES ('FFCDDEEC2BB343EE919A7A01018435C2', null, '结束节点', 'N99', '4FC915E80D054725ABDDCFE539AE25E8', '215', '425', '35', '200', null);


-- ----------------------------
-- Records of dbo_backup_conf
-- ----------------------------
INSERT INTO `dbo_backup_conf` VALUES ('120.77.241.255', 'devops_console', 'root', 'uAiqwVwjJ8-i', 'D:\\\\', '04C250B22ED0492BBB2ED2D5072F8B8B', 'demo');


-- ----------------------------
-- Records of ecs_base_info
-- ----------------------------
INSERT INTO `ecs_base_info` VALUES ('demo', '127.0.0.1', '示例服务器', '示例服务器', 'inner', 'CentOS_7.4_64', '2', '4', '40', '02', '1', 'root', 'lwc123456', 'R', '');

-- ----------------------------
-- Records of plugin_define
-- ----------------------------
INSERT INTO `plugin_define` VALUES ('1001', '系统信息更新插件', 'com.irdstudio.sdk.plugins.core.plugin.common.SubsInfoUpdatePlugin', '用于更新系统信息!', 'N', 'SSubsInfoList.html', '01');
INSERT INTO `plugin_define` VALUES ('1002', '等待指定条件插件', 'com.irdstudio.sdk.plugins.core.plugin.wt.WaitTruePlugin', '用于等待指定条件为真!', 'N', 'PluginWtConditionList.html', '01');
INSERT INTO `plugin_define` VALUES ('1020', '文本文件数据装载插件', 'com.irdstudio.sdk.plugins.core.plugin.dataload.TxtFileLoadPlugin', '用于装载文本文件数据!', 'N', 'PluginLoadConfList.html', '01');
INSERT INTO `plugin_define` VALUES ('1025', '导出为文本文件', 'com.irdstudio.sdk.plugins.core.plugin.dataexport.ExportTxtFilePlugin', '用于导出为文本文件!', 'N', 'PluginExportConfList.html', '01');
INSERT INTO `plugin_define` VALUES ('1026', 'Excel操作应用插件', 'com.irdstudio.sdk.plugins.core.plugin.excel.ExcelPlugin', '用于导入或导出Excel!', 'N', 'PluginExcelConfList.html', '01');
INSERT INTO `plugin_define` VALUES ('1041', 'JAVA作业插件', 'com.irdstudio.sdk.plugins.core.plugin.datajob.JavaDataJobPlugin', '调用Java程序进行作业处理!', 'Y', 'PluginJobConfList.html', '01');
INSERT INTO `plugin_define` VALUES ('1043', 'SQL作业插件', 'com.irdstudio.sdk.plugins.core.plugin.datajob.DBSqlJobPlugin', '调用SQL进行作业处理(DB配置)!', 'Y', 'PluginJobConfList.html', '01');
INSERT INTO `plugin_define` VALUES ('1060', 'FTP上传下载插件', 'com.irdstudio.sdk.plugins.core.plugin.ftp.FtpPlugin', '根据配置对指定文件进行上传下载处理!', 'N', 'PluginFtpConfList.html', '01');
INSERT INTO `plugin_define` VALUES ('1061', 'EMAIL发送插件', 'com.irdstudio.sdk.plugins.core.plugin.net.EmailPlugin', '根据配置将指定文件通过Email发送处理!', 'N', null, '01');
INSERT INTO `plugin_define` VALUES ('1071', '代码构建插件(MAVEN)', 'com.irdstudio.devops.agent.plugin.maven.MavenPlugin', '代码构建插件(MAVEN)', 'Y', 'PluginParamConf.html', '03');
INSERT INTO `plugin_define` VALUES ('1072', '代码部署插件(SSH)', 'com.irdstudio.devops.agent.plugin.deploy.SSHPlugin', '代码部署插件(SSH)', 'Y', 'PluginParamConf.html', '03');
INSERT INTO `plugin_define` VALUES ('1090', '文件压缩删除插件', 'com.irdstudio.sdk.plugins.core.plugin.fileop.FileOpPlugin', '用于压缩数据文件或删除数据文件!', 'N', 'PluginFileopConfList.html', '01');
INSERT INTO `plugin_define` VALUES ('1092', 'HSF服务调用插件', 'com.irdstudio.sdk.plugins.core.plugin.hsf.HsfServicePlugin', '用于调用HSF服务', 'Y', 'PluginServiceConfList.html', '01');
INSERT INTO `plugin_define` VALUES ('1095', 'git更新插件', 'com.irdstudio.devops.agent.plugin.git.GitPlugin', 'git更新代码到指定路径的仓库', 'Y', 'PluginParamConf.html', '03');
INSERT INTO `plugin_define` VALUES ('1096', 'MySQL备份', 'com.irdstudio.devops.agent.plugin.mysql.MysqlBackupPlugin', 'MySQL备份', 'N', 'PluginParamConf.html', '04');
INSERT INTO `plugin_define` VALUES ('1097', 'SVN更新插件', 'com.irdstudio.devops.agent.plugin.svn.SVNPlugin', 'SVN更新插件', 'N', 'PluginParamConf.html', '03');


-- ----------------------------
-- Records of plugin_param_template
-- ----------------------------
INSERT INTO `plugin_param_template` VALUES ('03D67780A7664BE0A775909D66F02055', '1095', 'KV', 'gitRemotePath', '远程仓库地址', '01', '', '2', '');
INSERT INTO `plugin_param_template` VALUES ('05EE06C803834B528771716E8061BCCE', '999', 'KV', 'ruleId', '规则ID', '01', '', '1', '');
INSERT INTO `plugin_param_template` VALUES ('0AE4DBDCAAF3418A9D405FC7A99AC350', '1097', 'KV', 'svnUserName', 'SVN用户名', '01', '', '2', '');
INSERT INTO `plugin_param_template` VALUES ('1196D9607BC24D3CA71F35832A54929C', '1097', 'KV', 'svnPath', 'SVN远程路径', '01', '', '1', '');
INSERT INTO `plugin_param_template` VALUES ('16A80B5042CC4603B48F0D0BA110FCD5', '1096', 'KV', 'userName', '数据库用户名', '01', '', '2', '');
INSERT INTO `plugin_param_template` VALUES ('1FF03745280A4C6B9E829364E247D8E7', '1099', 'KV', 'gitRemotePath', '远程git地址', '01', '', '2', '');
INSERT INTO `plugin_param_template` VALUES ('2598D83229994F34A8726CF62AC4404F', '999', 'KV', 'templateId', '模板ID', '01', '', '2', '');
INSERT INTO `plugin_param_template` VALUES ('2F3FD6CCC8D54C4E8FAA75E5E5BA6EE9', '1096', 'KV', 'savePath', '数据库导出文件保存路径', '01', '', '4', '');
INSERT INTO `plugin_param_template` VALUES ('445DED3E701C49FBB33D24FAF7638709', '1099', 'KV', 'gitLocalPath', '本地仓库路径', '01', '', '1', '');
INSERT INTO `plugin_param_template` VALUES ('46CE94C8D4D44FD7B6BD11D7F6584FA3', '1095', 'KV', 'gitUserName', 'git用户名称', '01', '', '0', '');
INSERT INTO `plugin_param_template` VALUES ('4D2D5CF21B4B4450BD0F3E738A575A4D', '5005', 'KV', 'testv', '我的测试参数1', '01', '', '1', '');
INSERT INTO `plugin_param_template` VALUES ('5D9513A0359A48868A20569691BCE6E4', '1072', 'KV', 'serverPwd', '服务器用户密码', '01', '', '0', '');
INSERT INTO `plugin_param_template` VALUES ('6032E116AE6F49CBA648B893B61226A7', '1072', 'KV', 'serverUserName', '服务器用户名', '01', '', '0', '');
INSERT INTO `plugin_param_template` VALUES ('63D6696B50BB432FA2E4D04A85B95D52', '110', 'KV', 'localPath', '本地仓库地址', '01', '', '1', '');
INSERT INTO `plugin_param_template` VALUES ('66674BA7A2BC4B878FDE8A256D5E23AD', '1097', 'KV', 'fileRelativePath', '更新文件相对路径', '01', '', '5', '');
INSERT INTO `plugin_param_template` VALUES ('67E4D17C8C75413B9104402B8E4F7881', '999', 'KV', 'isCheck', '是否校验开户', '11', 'STD_PUB_YN', '3', '');
INSERT INTO `plugin_param_template` VALUES ('7239501FF59146A3A31904AC2032981B', '1099', 'KV', 'gitBranchName', '分支名称', '01', '', '5', '');
INSERT INTO `plugin_param_template` VALUES ('74D8A66809314B7482778CC58FF2F3A3', '1099', 'KV', 'gitPassword', 'git密码', '01', '', '4', '');
INSERT INTO `plugin_param_template` VALUES ('7B3EE46CBE194B739DD145002784A56D', '1072', 'KV', 'appArtifactLocation', '应用编译结果目录', '01', '', '0', '');
INSERT INTO `plugin_param_template` VALUES ('7BA80E72474D4C279518E1333FF954D7', '1072', 'KV', 'appName', '应用部署名称', '01', '', '0', '');
INSERT INTO `plugin_param_template` VALUES ('7E230A0A056241C2A27B311DE0F95E95', '1097', 'KV', 'svnPassword', 'SVN密码', '05', '', '3', '');
INSERT INTO `plugin_param_template` VALUES ('7E5A2A27EF6D480E9771684EF6299F5D', '1071', 'KV', 'mavenParam', 'maven参数', '01', '', '0', '');
INSERT INTO `plugin_param_template` VALUES ('82504C135CC4409B8F42F98F3D86DE5E', '1072', 'KV', 'tomcatVersion', 'Tomcat版本', '01', '', '0', '');
INSERT INTO `plugin_param_template` VALUES ('89A87FF3721447CF9E4003808F3127C2', '1095', 'KV', 'gitBranchName', '更新的分支', '01', '', '5', '');
INSERT INTO `plugin_param_template` VALUES ('8BC8BE5A990543049B024427B1F3C034', '1096', 'KV', 'password', '数据库密码', '05', '', '3', '');
INSERT INTO `plugin_param_template` VALUES ('8C914BF98F7643BBBC91E446CAEE00FC', '1096', 'KV', 'baseIP', 'MySQL数据库所在服务器地址IP', '01', '', '1', '');
INSERT INTO `plugin_param_template` VALUES ('93FD8BF91A8F4E80ABB138B16FAA3B45', '1095', 'KV', 'gitPassword', 'git密码', '05', '', '4', '');
INSERT INTO `plugin_param_template` VALUES ('97E8C6290CBA430DAAB9A4324523B726', '1072', 'KV', 'serverIp', '服务器IP', '01', '', '0', '');
INSERT INTO `plugin_param_template` VALUES ('A5AB3CFB5C5C4868BD867C18D66463E7', '5005', 'GRID', 'grid1', '我的表格参数', '01', '', '0', '');
INSERT INTO `plugin_param_template` VALUES ('AB8C82D3A69C4DA99D1406BF5D28ACF8', '1010', 'KV', 'localPath', '本地仓库地址', '01', '', '1', '');
INSERT INTO `plugin_param_template` VALUES ('B36DF9A51EB7477BA18E0939BB40116F', '1072', 'KV', 'tomcatPort', 'Tomcat端口', '01', '', '0', '');
INSERT INTO `plugin_param_template` VALUES ('B9CF08FF9697442C93EEDDF2DDE5EC76', '1099', 'KV', 'gitUserName', 'git用户名', '01', '', '3', '');
INSERT INTO `plugin_param_template` VALUES ('C47EF7AECB4F42D997C44216E0115C2D', '1096', 'KV', 'databaseName', '数据库名称', '01', '', '5', '');
INSERT INTO `plugin_param_template` VALUES ('CC816B7F08B8469FBC92293177C02D68', '1097', 'KV', 'localSvnPath', 'SVN检出到本地目标路径', '01', '', '4', '');
INSERT INTO `plugin_param_template` VALUES ('F3F7B0A822674A18928885D81B5E0FFD', '1097', 'KV', 'commitMessage', '更新消息', '01', '', '6', '');

-- ----------------------------
-- Records of sys_apps_info
-- ----------------------------
INSERT INTO `sys_apps_info` VALUES ('0EAAE41A5E6946E480336F36FFD1BAFC', 'batch-migrate', 'batch-migrate', 'C', '1', '1', 'https://gitee.com/prd_team/batch-parent.git', '1.8', '', 'dmp', 'admin', '2020-11-12 10:43:16', null, null);
INSERT INTO `sys_apps_info` VALUES ('1AC24935B0134A2BAF6C9485140D0A5A', 'devops-console', 'devops-console', 'C', '2', '2', 'https://gitee.com/prd_team/devops-parent.git', '1.8', '', 'bfp', 'admin', '2020-11-20 14:22:39', 'admin', '2020-12-07 09:15:03');
INSERT INTO `sys_apps_info` VALUES ('29128D6CD09D47F4B7896AA9D8A205D0', 'bpm-console', 'bpm-console', 'C', '1', '1', 'https://gitee.com/prd_team/bpm-parent.git', '1.8', '', 'bfp', 'admin', '2020-11-12 09:38:51', null, null);
INSERT INTO `sys_apps_info` VALUES ('60B5C313DE9043D2955F5DA1A1D83C31', 'batch-console', 'batch-console', 'C', '1', '1', 'https://gitee.com/prd_team/batch-parent.git', '1.8', '', 'bsp', 'admin', '2020-11-12 10:37:09', null, null);
INSERT INTO `sys_apps_info` VALUES ('8F9C047E1FB5422E9CDFE68ECA3617D4', 'demo', 'demo', 'C', '1', '1', 'https://gitee.com/prd_team/bpm-parent.git', '1.8', '', 'demo', 'admin', '2020-11-11 17:08:38', 'admin', '2020-12-06 21:49:19');

-- ----------------------------
-- Records of sys_deploy_info
-- ----------------------------
INSERT INTO `sys_deploy_info` VALUES ('5971A66FA2FC4D89A475C4F050490E84', '1AC24935B0134A2BAF6C9485140D0A5A', 'devops-console', '集成与运维平台', '2', '101', '2', '', '47.107.172.81', 'bfp', 'devops', 'aliyun', 'D:\\\\WarFile\\\\devops-console.war', '', '8080', 'D', '2020-11-20', 'admin', 'root', 'Ird2019q2');

-- ----------------------------
-- Records of sys_ecs_info
-- ----------------------------
INSERT INTO `sys_ecs_info` VALUES ('demo', 'demo');
INSERT INTO `sys_ecs_info` VALUES ('demo', 'demobpmId=111');

-- ----------------------------
-- Records of s_agent_info
-- ----------------------------
INSERT INTO `s_agent_info` VALUES ('agent01', 'console-executor', '1', 'http://localhost:8083/sop-console-web/agent', '2020-12-10 17:00:21', '');
INSERT INTO `s_agent_info` VALUES ('console-executor', 'console-executor', '2', 'http://localhost:8080/sop-console-web/agent', '2020-12-10 17:34:09', null);

-- Records of s_autocode
-- ----------------------------
INSERT INTO `s_autocode` VALUES ('IMSRVS_ADMIN', 'ALL', '1', '1084', '4', null);
INSERT INTO `s_autocode` VALUES ('IMSRVS_CALLED', 'ALL', '1', '362', '4', null);
INSERT INTO `s_autocode` VALUES ('IMSRVS_ADMIN', 'ALL', '1', '1084', '4', null);
INSERT INTO `s_autocode` VALUES ('IMSRVS_CALLED', 'ALL', '1', '362', '4', null);

-- ----------------------------
-- Records of s_deptuser
-- ----------------------------
INSERT INTO `s_deptuser` VALUES ('000000000', null, 'srvadmin', '1', null);


-- ----------------------------
-- Records of s_dic
-- ----------------------------
INSERT INTO `s_dic` (`enname`, `cnname`, `opttype`, `memo`, `flag`, `levels`, `orderid`, `modify_date`) VALUES ('E', '停止失败', 'INST_STATE', '停止失败', NULL, NULL, NULL, NULL);
INSERT INTO `s_dic` (`enname`, `cnname`, `opttype`, `memo`, `flag`, `levels`, `orderid`, `modify_date`) VALUES ('F', '启动失败', 'INST_STATE', '启动失败', NULL, NULL, NULL, NULL);
INSERT INTO `s_dic` (`enname`, `cnname`, `opttype`, `memo`, `flag`, `levels`, `orderid`, `modify_date`) VALUES ('R', '运行中', 'INST_STATE', '运行中', NULL, NULL, NULL, NULL);
INSERT INTO `s_dic` (`enname`, `cnname`, `opttype`, `memo`, `flag`, `levels`, `orderid`, `modify_date`) VALUES ('S', '已停止', 'INST_STATE', '已停止', NULL, NULL, NULL, NULL);
INSERT INTO `s_dic` VALUES ('0', '未启动', 'AGENT_STATE', '代理节点状态', null, null, null, null);
INSERT INTO `s_dic` VALUES ('0', '无', 'BAT_BATCH_INTERVENE_STATE', '批次干预状态', null, null, '0', null);
INSERT INTO `s_dic` VALUES ('0', '无  ', 'BAT_CAL_TYPE', '计算方式', null, null, '0', null);
INSERT INTO `s_dic` VALUES ('0', '初始化  ', 'BAT_LOAD_TASK_RUNSTATUS', '装数任务运行状态', null, null, '0', null);
INSERT INTO `s_dic` VALUES ('0', '本地', 'BAT_LOCALE_TYPE', '任务场所类型', null, null, '0', null);
INSERT INTO `s_dic` VALUES ('0', 'SSH', 'BAT_LOGIN_TYPE', '场所登录方式', null, null, '0', null);
INSERT INTO `s_dic` VALUES ('0', '无', 'BAT_TASK_INTERVENE_STATE', '任务干预状态', null, null, '0', null);
INSERT INTO `s_dic` VALUES ('0', '未执行', 'BAT_TASK_RUN_STATE', '任务执行状态', null, null, '0', null);
INSERT INTO `s_dic` VALUES ('0', '自动', 'BAT_TASK_SKIP_TACTIC', '任务失败跳过策略', null, null, '0', null);
INSERT INTO `s_dic` VALUES ('0', '超时置过', 'BAT_TASK_TIMEOUT_TACTIC', '任务运行超时策略', null, null, '0', null);
INSERT INTO `s_dic` VALUES ('0', '正常', 'BAT_TASK_USE_STATE', '任务使用状态', null, null, '0', null);
INSERT INTO `s_dic` VALUES ('0', '未发布', 'BPM_STATE', '流程状态', null, null, '0', null);
INSERT INTO `s_dic` VALUES ('0', '注销', 'STD_ORG_STATUS', '机构状态', null, null, '0', null);
INSERT INTO `s_dic` VALUES ('0', '未启动', 'test456', '代理节点状态', null, null, null, null);
INSERT INTO `s_dic` VALUES ('0', '未启动', 'test4567', '代理节点状态', null, null, null, null);
INSERT INTO `s_dic` VALUES ('0', '注销', 'USER_STATUS', '用户状态', null, null, '0', null);
INSERT INTO `s_dic` VALUES ('00', '同意', 'APPROVE_AVAIL_OPINION', '审批人可用审批意见', null, null, null, null);
INSERT INTO `s_dic` VALUES ('00', '无', 'BAT_DIFF_COMP_METHOD', '差异比较方式', null, null, '0', null);
INSERT INTO `s_dic` VALUES ('00', '初始化 ', 'BAT_TAB_LOAD_STEP', '表数据装载阶段', null, null, '0', null);
INSERT INTO `s_dic` VALUES ('001', '公共', 'ROLE_TYPE', '角色类型', null, null, '0', null);
INSERT INTO `s_dic` VALUES ('002', '小企业', 'ROLE_TYPE', '角色类型', null, null, '1', null);
INSERT INTO `s_dic` VALUES ('003', '消费金融', 'ROLE_TYPE', '角色类型', null, null, '2', null);
INSERT INTO `s_dic` VALUES ('01', '否决', 'APPROVE_AVAIL_OPINION', '审批人可用审批意见', null, null, null, null);
INSERT INTO `s_dic` VALUES ('01', '小于去年同日', 'BAT_DIFF_COMP_METHOD', '差异比较方式', null, null, '0', null);
INSERT INTO `s_dic` VALUES ('01', '按模板导出成Excel', 'BAT_EXCEL_OPER_TYPE', 'Excel操作类型', '1', '0', '0', null);
INSERT INTO `s_dic` VALUES ('01', '按表名导出', 'BAT_EXPORT_MODE', '数据导出方式', '1', '0', '0', null);
INSERT INTO `s_dic` VALUES ('01', '文件是否存在  ', 'BAT_FILE_OP', '文件操作方式', null, null, '0', null);
INSERT INTO `s_dic` VALUES ('01', '公共类插件', 'BAT_PLUGIN_CATALOG', '应用插件分类', null, null, '0', null);
INSERT INTO `s_dic` VALUES ('01', '更新数据日期(等于平台数据日期);动作', 'BAT_SYSUPD_ACTION', '系统信息更新动作', null, null, '0', null);
INSERT INTO `s_dic` VALUES ('01', 'Nginx服务器', 'ECS_PURPOSE', '服务器用途', '', '', '0', '');
INSERT INTO `s_dic` VALUES ('01', '文本框', 'PARAM_HTML_TAG', '参数HTML标签', null, null, '0', null);
INSERT INTO `s_dic` VALUES ('01', '创建服务实例', 'S_SRVS_INST_ACTION', '实例日志类型', '1', '0', '0', null);
INSERT INTO `s_dic` VALUES ('01', 'ORACLE', 'S_SUBS_DS_TYPE', '系统数据源类型', '1', '0', '0', null);
INSERT INTO `s_dic` VALUES ('02', '打回', 'APPROVE_AVAIL_OPINION', '审批人可用审批意见', null, null, null, null);
INSERT INTO `s_dic` VALUES ('02', '小于上月同日', 'BAT_DIFF_COMP_METHOD', '差异比较方式', null, null, '0', null);
INSERT INTO `s_dic` VALUES ('02', '按自定义SQL导出', 'BAT_EXPORT_MODE', '数据导出方式', '1', '0', '0', null);
INSERT INTO `s_dic` VALUES ('02', '文件压缩  ', 'BAT_FILE_OP', '文件操作方式', null, null, '0', null);
INSERT INTO `s_dic` VALUES ('02', '审批类插件', 'BAT_PLUGIN_CATALOG', '应用插件分类', null, null, '0', null);
INSERT INTO `s_dic` VALUES ('02', '更新上一数据日期(等于平台上一数据日期);动作', 'BAT_SYSUPD_ACTION', '系统信息更新动作', null, null, '0', null);
INSERT INTO `s_dic` VALUES ('02', 'API应用服务器', 'ECS_PURPOSE', '服务器用途', '', '', '0', '');
INSERT INTO `s_dic` VALUES ('02', '数字框', 'PARAM_HTML_TAG', '参数HTML标签', null, null, '0', null);
INSERT INTO `s_dic` VALUES ('02', '删除服务实例', 'S_SRVS_INST_ACTION', '实例日志类型', '1', '0', '0', null);
INSERT INTO `s_dic` VALUES ('02', 'DB2', 'S_SUBS_DS_TYPE', '系统数据源类型', '1', '0', '0', null);
INSERT INTO `s_dic` VALUES ('03', '单点打回', 'APPROVE_AVAIL_OPINION', '审批人可用审批意见', null, null, null, null);
INSERT INTO `s_dic` VALUES ('03', '小于昨日', 'BAT_DIFF_COMP_METHOD', '差异比较方式', null, null, '0', null);
INSERT INTO `s_dic` VALUES ('03', '文件删除  ', 'BAT_FILE_OP', '文件操作方式', null, null, '0', null);
INSERT INTO `s_dic` VALUES ('03', '集成部署类', 'BAT_PLUGIN_CATALOG', '应用插件分类', null, null, '0', null);
INSERT INTO `s_dic` VALUES ('03', '更新装数完成日期(等于平台装数完成日期);动作', 'BAT_SYSUPD_ACTION', '系统信息更新动作', null, null, '0', null);
INSERT INTO `s_dic` VALUES ('03', '中台应用服务器', 'ECS_PURPOSE', '服务器用途', '', '', '0', '');
INSERT INTO `s_dic` VALUES ('03', '单选框', 'PARAM_HTML_TAG', '参数HTML标签', null, null, '0', null);
INSERT INTO `s_dic` VALUES ('03', '启动服务实例', 'S_SRVS_INST_ACTION', '实例日志类型', '1', '0', '0', null);
INSERT INTO `s_dic` VALUES ('03', 'Sybase', 'S_SUBS_DS_TYPE', '系统数据源类型', '1', '0', '0', null);
INSERT INTO `s_dic` VALUES ('04', '退回', 'APPROVE_AVAIL_OPINION', '审批人可用审批意见', null, null, null, null);
INSERT INTO `s_dic` VALUES ('04', '大于昨日', 'BAT_DIFF_COMP_METHOD', '差异比较方式', null, null, '0', null);
INSERT INTO `s_dic` VALUES ('04', '文件加密', 'BAT_FILE_OP', '文件操作方式', null, null, '0', null);
INSERT INTO `s_dic` VALUES ('04', '系统运维类', 'BAT_PLUGIN_CATALOG', '应用插件分类', null, null, null, null);
INSERT INTO `s_dic` VALUES ('04', '更新批次完成日期(等于平台批次完成日期);动作', 'BAT_SYSUPD_ACTION', '系统信息更新动作', null, null, '0', null);
INSERT INTO `s_dic` VALUES ('04', 'Mycat服务器', 'ECS_PURPOSE', '服务器用途', '', '', '0', '');
INSERT INTO `s_dic` VALUES ('04', '复选框', 'PARAM_HTML_TAG', '参数HTML标签', null, null, '0', null);
INSERT INTO `s_dic` VALUES ('04', '停止服务实例', 'S_SRVS_INST_ACTION', '实例日志类型', '1', '0', '0', null);
INSERT INTO `s_dic` VALUES ('04', 'SQL Server', 'S_SUBS_DS_TYPE', '系统数据源类型', '1', '0', '0', null);
INSERT INTO `s_dic` VALUES ('05', '更新数据日期(+1);动作', 'BAT_SYSUPD_ACTION', '系统信息更新动作', null, null, '0', null);
INSERT INTO `s_dic` VALUES ('05', '注册中心服务器', 'ECS_PURPOSE', '服务器用途', '', '', '0', '');
INSERT INTO `s_dic` VALUES ('05', '密码框', 'PARAM_HTML_TAG', '参数HTML标签', null, null, '0', null);
INSERT INTO `s_dic` VALUES ('05', 'MYSQL', 'S_SUBS_DS_TYPE', '系统数据源类型', '1', '0', '0', null);
INSERT INTO `s_dic` VALUES ('06', '超过去年同日', 'BAT_DIFF_COMP_METHOD', '差异比较方式', null, null, '0', null);
INSERT INTO `s_dic` VALUES ('06', '更新上一数据日期(+1);动作', 'BAT_SYSUPD_ACTION', '系统信息更新动作', null, null, '0', null);
INSERT INTO `s_dic` VALUES ('06', 'Mysql服务器', 'ECS_PURPOSE', '服务器用途', '', '', '0', '');
INSERT INTO `s_dic` VALUES ('06', 'Access', 'S_SUBS_DS_TYPE', '系统数据源类型', '1', '0', '0', null);
INSERT INTO `s_dic` VALUES ('07', '超过上月同日', 'BAT_DIFF_COMP_METHOD', '差异比较方式', null, null, '0', null);
INSERT INTO `s_dic` VALUES ('07', '更新装数完成日期(+1);动作', 'BAT_SYSUPD_ACTION', '系统信息更新动作', null, null, '0', null);
INSERT INTO `s_dic` VALUES ('07', '配置中心服务器', 'ECS_PURPOSE', '服务器用途', '', '', '0', '');
INSERT INTO `s_dic` VALUES ('08', '超过昨日', 'BAT_DIFF_COMP_METHOD', '差异比较方式', null, null, '0', null);
INSERT INTO `s_dic` VALUES ('08', '更新批次完成日期(+1);动作', 'BAT_SYSUPD_ACTION', '系统信息更新动作', null, null, '0', null);
INSERT INTO `s_dic` VALUES ('08', 'Redis服务器', 'ECS_PURPOSE', '服务器用途', '', '', '0', '');
INSERT INTO `s_dic` VALUES ('09', 'MQ服务器', 'ECS_PURPOSE', '服务器用途', '', '', '0', '');
INSERT INTO `s_dic` VALUES ('1', '待激活', 'AGENT_STATE', '代理节点状态', null, null, null, null);
INSERT INTO `s_dic` VALUES ('1', '暂停', 'BAT_BATCH_INTERVENE_STATE', '批次干预状态', null, null, '0', null);
INSERT INTO `s_dic` VALUES ('1', '出错', 'BAT_BATCH_STATE', '批次运行状态', null, null, '0', null);
INSERT INTO `s_dic` VALUES ('1', 'UPDATE/INSERT  ', 'BAT_CAL_TYPE', '计算方式', null, null, '0', null);
INSERT INTO `s_dic` VALUES ('1', 'INSERT', 'BAT_DEAL_TYPE', '装数处理方式', null, null, '0', null);
INSERT INTO `s_dic` VALUES ('1', '置错', 'BAT_DIFF_DEAL_METHOD', '差异处理方式', null, null, '0', null);
INSERT INTO `s_dic` VALUES ('1', '成功 ', 'BAT_EXEC_RESULT', '日志执行结果', null, null, '0', null);
INSERT INTO `s_dic` VALUES ('1', '继续', 'BAT_FAILD_DEAL_TYPE', '失败处理方式', null, null, '0', null);
INSERT INTO `s_dic` VALUES ('1', '定时调度', 'BAT_LAUNCH_TYPE', '批次发起方式', null, null, '0', null);
INSERT INTO `s_dic` VALUES ('1', '成功 ', 'BAT_LOAD_TASK_RUNSTATUS', '装数任务运行状态', null, null, '0', null);
INSERT INTO `s_dic` VALUES ('1', '远程', 'BAT_LOCALE_TYPE', '任务场所类型', null, null, '0', null);
INSERT INTO `s_dic` VALUES ('1', 'SSL', 'BAT_LOGIN_TYPE', '场所登录方式', null, null, '0', null);
INSERT INTO `s_dic` VALUES ('1', '全局参数  ', 'BAT_PARAM_SCOPE', '参数使用范围', null, null, '0', null);
INSERT INTO `s_dic` VALUES ('1', 'DB', 'BAT_PLUGIN_SOURCE_TYPE', '应用插件配置数据来源方式', null, null, '0', null);
INSERT INTO `s_dic` VALUES ('1', 'JAVA插件', 'BAT_PLUGIN_TYPE', '应用插件类型', null, null, '0', null);
INSERT INTO `s_dic` VALUES ('1', '不使用', 'BAT_SQL_PURPOSE', 'SQL用途', null, null, '0', null);
INSERT INTO `s_dic` VALUES ('1', '先清空后装载  ', 'BAT_TABLE_LOAD_MODE', '数据装载方式', null, null, '0', null);
INSERT INTO `s_dic` VALUES ('1', '临时表', 'BAT_TAB_TYPE', '数据表类型', null, null, '0', null);
INSERT INTO `s_dic` VALUES ('1', '置过', 'BAT_TASK_INTERVENE_STATE', '任务干预状态', null, null, '0', null);
INSERT INTO `s_dic` VALUES ('1', '高', 'BAT_TASK_PRI', '任务优先级', null, null, '0', null);
INSERT INTO `s_dic` VALUES ('1', '待执行', 'BAT_TASK_RUN_STATE', '任务执行状态', null, null, '0', null);
INSERT INTO `s_dic` VALUES ('1', '普通任务', 'BAT_TASK_RUN_TYPE', '任务执行类型', null, null, '0', null);
INSERT INTO `s_dic` VALUES ('1', '手动', 'BAT_TASK_SKIP_TACTIC', '任务失败跳过策略', null, null, '0', null);
INSERT INTO `s_dic` VALUES ('1', '超时挂起', 'BAT_TASK_TIMEOUT_TACTIC', '任务运行超时策略', null, null, '0', null);
INSERT INTO `s_dic` VALUES ('1', '全部', 'BAT_TASK_USE_AREA', '任务使用域', null, null, '0', null);
INSERT INTO `s_dic` VALUES ('1', '下线', 'BAT_TASK_USE_STATE', '任务使用状态', null, null, '0', null);
INSERT INTO `s_dic` VALUES ('1', '已发布', 'BPM_STATE', '流程类型', null, null, '0', null);
INSERT INTO `s_dic` VALUES ('1', '自动流程', 'BPM_TYPE', '流程类型', null, null, '0', null);
INSERT INTO `s_dic` VALUES ('1', '抢单模式', 'CONTENTION_STRATEGY', '竟办策略', null, null, null, null);
INSERT INTO `s_dic` VALUES ('1', '一票否决制', 'COUNTERSIGN_STRATEGY', '会签策略', null, null, null, null);
INSERT INTO `s_dic` VALUES ('1', '密码方式', 'ECS_LOGIN_METHOD', 'ECS服务器登录方式', '', '', '0', '');
INSERT INTO `s_dic` VALUES ('1', '一级', 'STD_ORG_LEVEL', '机构层级', null, null, '0', null);
INSERT INTO `s_dic` VALUES ('1', '正常', 'STD_ORG_STATUS', '机构状态', null, null, '1', null);
INSERT INTO `s_dic` VALUES ('1', '成功', 'S_SRVS_ACTION_RESULT', '操作结果', '1', '0', '0', null);
INSERT INTO `s_dic` VALUES ('1', '已启动', 'S_SRVS_INST_STATE', '服务实例状态', '1', '0', '0', null);
INSERT INTO `s_dic` VALUES ('1', '后台型服务', 'S_SRVS_TYPE', '服务类型', '1', '0', '0', null);
INSERT INTO `s_dic` VALUES ('1', '正常', 'USER_STATUS', '用户状态', null, null, '1', null);
INSERT INTO `s_dic` VALUES ('1.7', '1.7', 'JDK_VERSION', 'JDK版本', null, null, null, null);
INSERT INTO `s_dic` VALUES ('1.8', '1.8', 'JDK_VERSION', 'JDK版本', null, null, null, null);
INSERT INTO `s_dic` VALUES ('10', '从Excel中导入数据', 'BAT_EXCEL_OPER_TYPE', 'Excel操作类型', '1', '0', '0', null);
INSERT INTO `s_dic` VALUES ('10', '装数 ', 'BAT_TAB_LOAD_STEP', '表数据装载阶段', null, null, '0', null);
INSERT INTO `s_dic` VALUES ('10', 'Jenkins服务器', 'ECS_PURPOSE', '服务器用途', '', '', '0', '');
INSERT INTO `s_dic` VALUES ('101', '前端HTML应用', 'APP_TYPE', '应用类型', null, null, null, null);
INSERT INTO `s_dic` VALUES ('11', 'Maven服务器', 'ECS_PURPOSE', '服务器用途', '', '', '0', '');
INSERT INTO `s_dic` VALUES ('11', '下拉框', 'PARAM_HTML_TAG', '参数HTML标签', null, null, '0', null);
INSERT INTO `s_dic` VALUES ('2', '运行中', 'AGENT_STATE', '代理节点状态', null, null, null, null);
INSERT INTO `s_dic` VALUES ('2', '中断', 'BAT_BATCH_INTERVENE_STATE', '批次干预状态', null, null, '0', null);
INSERT INTO `s_dic` VALUES ('2', '警告', 'BAT_BATCH_STATE', '批次运行状态', null, null, '0', null);
INSERT INTO `s_dic` VALUES ('2', 'DELETE/INSERT  ', 'BAT_CAL_TYPE', '计算方式', null, null, '0', null);
INSERT INTO `s_dic` VALUES ('2', 'CLEAR_INSERT', 'BAT_DEAL_TYPE', '装数处理方式', null, null, '0', null);
INSERT INTO `s_dic` VALUES ('2', '继续', 'BAT_DIFF_DEAL_METHOD', '差异处理方式', null, null, '0', null);
INSERT INTO `s_dic` VALUES ('2', '警告', 'BAT_EXEC_RESULT', '日志执行结果', null, null, '0', null);
INSERT INTO `s_dic` VALUES ('2', '中止', 'BAT_FAILD_DEAL_TYPE', '失败处理方式', null, null, '0', null);
INSERT INTO `s_dic` VALUES ('2', '手工调度', 'BAT_LAUNCH_TYPE', '批次发起方式', null, null, '0', null);
INSERT INTO `s_dic` VALUES ('2', '失败 ', 'BAT_LOAD_TASK_RUNSTATUS', '装数任务运行状态', null, null, '0', null);
INSERT INTO `s_dic` VALUES ('2', '子系统参数  ', 'BAT_PARAM_SCOPE', '参数使用范围', null, null, '0', null);
INSERT INTO `s_dic` VALUES ('2', 'FILE', 'BAT_PLUGIN_SOURCE_TYPE', '应用插件配置数据来源方式', null, null, '0', null);
INSERT INTO `s_dic` VALUES ('2', 'SHELL插件', 'BAT_PLUGIN_TYPE', '应用插件类型', null, null, '0', null);
INSERT INTO `s_dic` VALUES ('2', '作业执行前SQL', 'BAT_SQL_PURPOSE', 'SQL用途', null, null, '0', null);
INSERT INTO `s_dic` VALUES ('2', '直接追加', 'BAT_TABLE_LOAD_MODE', '数据装载方式', null, null, '0', null);
INSERT INTO `s_dic` VALUES ('2', '业务表', 'BAT_TAB_TYPE', '数据表类型', null, null, '0', null);
INSERT INTO `s_dic` VALUES ('2', '挂起', 'BAT_TASK_INTERVENE_STATE', '任务干预状态', null, null, '0', null);
INSERT INTO `s_dic` VALUES ('2', '中', 'BAT_TASK_PRI', '任务优先级', null, null, '0', null);
INSERT INTO `s_dic` VALUES ('2', '执行中', 'BAT_TASK_RUN_STATE', '任务执行状态', null, null, '0', null);
INSERT INTO `s_dic` VALUES ('2', '轮询任务', 'BAT_TASK_RUN_TYPE', '任务执行类型', null, null, '0', null);
INSERT INTO `s_dic` VALUES ('2', '禁止', 'BAT_TASK_SKIP_TACTIC', '任务失败跳过策略', null, null, '0', null);
INSERT INTO `s_dic` VALUES ('2', '超时忽略', 'BAT_TASK_TIMEOUT_TACTIC', '任务运行超时策略', null, null, '0', null);
INSERT INTO `s_dic` VALUES ('2', '首跑', 'BAT_TASK_USE_AREA', '任务使用域', null, null, '0', null);
INSERT INTO `s_dic` VALUES ('2', '审批流程', 'BPM_TYPE', '流程类型', null, null, '0', null);
INSERT INTO `s_dic` VALUES ('2', '竟办模式', 'CONTENTION_STRATEGY', '竟办策略', null, null, null, null);
INSERT INTO `s_dic` VALUES ('2', '三分之二通过', 'COUNTERSIGN_STRATEGY', '会签策略', null, null, null, null);
INSERT INTO `s_dic` VALUES ('2', '密钥方式', 'ECS_LOGIN_METHOD', 'ECS服务器登录方式', '', '', '0', '');
INSERT INTO `s_dic` VALUES ('2', '二级', 'STD_ORG_LEVEL', '机构层级', null, null, '1', null);
INSERT INTO `s_dic` VALUES ('2', '失败', 'S_SRVS_ACTION_RESULT', '操作结果', '1', '0', '0', null);
INSERT INTO `s_dic` VALUES ('2', '功能型服务', 'S_SRVS_TYPE', '服务类型', '1', '0', '0', null);
INSERT INTO `s_dic` VALUES ('20', '计算', 'BAT_TAB_LOAD_STEP', '表数据装载阶段', null, null, '0', null);
INSERT INTO `s_dic` VALUES ('201', 'API应用', 'APP_TYPE', '应用类型', null, null, null, null);
INSERT INTO `s_dic` VALUES ('202', '中台服务应用', 'APP_TYPE', '应用类型', null, null, null, null);
INSERT INTO `s_dic` VALUES ('3', '暂停中', 'AGENT_STATE', '代理节点状态', null, null, null, null);
INSERT INTO `s_dic` VALUES ('3', '重跑', 'BAT_BATCH_INTERVENE_STATE', '批次干预状态', null, null, '0', null);
INSERT INTO `s_dic` VALUES ('3', '运行', 'BAT_BATCH_STATE', '批次运行状态', null, null, '0', null);
INSERT INTO `s_dic` VALUES ('3', 'EXEC_JOB', 'BAT_CAL_TYPE', '计算方式', null, null, '0', null);
INSERT INTO `s_dic` VALUES ('3', 'UPDATE_INSTERT', 'BAT_DEAL_TYPE', '装数处理方式', null, null, '0', null);
INSERT INTO `s_dic` VALUES ('3', '失败 ', 'BAT_EXEC_RESULT', '日志执行结果', null, null, '0', null);
INSERT INTO `s_dic` VALUES ('3', '警告并继续', 'BAT_FAILD_DEAL_TYPE', '失败处理方式', null, null, '0', null);
INSERT INTO `s_dic` VALUES ('3', '集中调度', 'BAT_LAUNCH_TYPE', '批次发起方式', null, null, '0', null);
INSERT INTO `s_dic` VALUES ('3', '应用插件参数', 'BAT_PARAM_SCOPE', '参数使用范围', null, null, '0', null);
INSERT INTO `s_dic` VALUES ('3', '作业业务逻辑', 'BAT_SQL_PURPOSE', 'SQL用途', null, null, '0', null);
INSERT INTO `s_dic` VALUES ('3', '强退', 'BAT_TASK_INTERVENE_STATE', '任务干预状态', null, null, '0', null);
INSERT INTO `s_dic` VALUES ('3', '低', 'BAT_TASK_PRI', '任务优先级', null, null, '0', null);
INSERT INTO `s_dic` VALUES ('3', '超时执行中', 'BAT_TASK_RUN_STATE', '任务执行状态', null, null, '0', null);
INSERT INTO `s_dic` VALUES ('3', '定期任务', 'BAT_TASK_RUN_TYPE', '任务执行类型', null, null, '0', null);
INSERT INTO `s_dic` VALUES ('3', '超时报警', 'BAT_TASK_TIMEOUT_TACTIC', '任务运行超时策略', null, null, '0', null);
INSERT INTO `s_dic` VALUES ('3', '重跑', 'BAT_TASK_USE_AREA', '任务使用域', null, null, '0', null);
INSERT INTO `s_dic` VALUES ('3', '三级', 'STD_ORG_LEVEL', '机构层级', null, null, '2', null);
INSERT INTO `s_dic` VALUES ('4', '空闲', 'BAT_BATCH_STATE', '批次运行状态', null, null, '0', null);
INSERT INTO `s_dic` VALUES ('4', '作业执行后SQL', 'BAT_SQL_PURPOSE', 'SQL用途', null, null, '0', null);
INSERT INTO `s_dic` VALUES ('4', '警告执行中', 'BAT_TASK_RUN_STATE', '任务执行状态', null, null, '0', null);
INSERT INTO `s_dic` VALUES ('4', '四级', 'STD_ORG_LEVEL', '机构层级', null, null, '3', null);
INSERT INTO `s_dic` VALUES ('410', '高级', 'ZB_POS_LEVEL', '职务级别', null, null, '0', null);
INSERT INTO `s_dic` VALUES ('411', '正高级', 'ZB_POS_LEVEL', '职务级别', null, null, '1', null);
INSERT INTO `s_dic` VALUES ('412', '副高级', 'ZB_POS_LEVEL', '职务级别', null, null, '2', null);
INSERT INTO `s_dic` VALUES ('420', '中级', 'ZB_POS_LEVEL', '职务级别', null, null, '3', null);
INSERT INTO `s_dic` VALUES ('430', '初级', 'ZB_POS_LEVEL', '职务级别', null, null, '4', null);
INSERT INTO `s_dic` VALUES ('434', '助理级', 'ZB_POS_LEVEL', '职务级别', null, null, '5', null);
INSERT INTO `s_dic` VALUES ('435', '员级', 'ZB_POS_LEVEL', '职务级别', null, null, '6', null);
INSERT INTO `s_dic` VALUES ('499', '未定职级专业技术人员', 'ZB_POS_LEVEL', '职务级别', null, null, '7', null);
INSERT INTO `s_dic` VALUES ('5', '五级', 'STD_ORG_LEVEL', '机构层级', null, null, '4', null);
INSERT INTO `s_dic` VALUES ('6', '执行成功', 'BAT_TASK_RUN_STATE', '任务执行状态', null, null, '0', null);
INSERT INTO `s_dic` VALUES ('7', '提前结束', 'BAT_BATCH_STATE', '批次运行状态', null, null, '0', null);
INSERT INTO `s_dic` VALUES ('7', '执行失败', 'BAT_TASK_RUN_STATE', '任务执行状态', null, null, '0', null);
INSERT INTO `s_dic` VALUES ('8', '初始', 'BAT_BATCH_STATE', '批次运行状态', null, null, '0', null);
INSERT INTO `s_dic` VALUES ('9', '结束', 'BAT_BATCH_STATE', '批次运行状态', null, null, '0', null);
INSERT INTO `s_dic` VALUES ('9', '正在运行', 'BAT_LOAD_TASK_RUNSTATUS', '装数任务运行状态', null, null, '0', null);
INSERT INTO `s_dic` VALUES ('9', '已停止', 'S_SRVS_INST_STATE', '服务实例状态', '1', '0', '0', null);
INSERT INTO `s_dic` VALUES ('A', '已安排', 'JOB_STATE', '作业状态', '', '', '2', '');
INSERT INTO `s_dic` VALUES ('aliyun', '阿里云', 'ECS_REGION', 'ecs_region', '', '', '0', '');
INSERT INTO `s_dic` VALUES ('batchSrv', '批次服务', 'S_SRVS_LOG_TYPE', '服务日志类型', '1', '0', '0', null);
INSERT INTO `s_dic` VALUES ('C', '集中式', 'ARCH_TYPE', '架构类型', null, null, null, null);
INSERT INTO `s_dic` VALUES ('C', '无法连接', 'ECS_STATE', '服务器状态', '', '', '0', '');
INSERT INTO `s_dic` VALUES ('CentOS_7.4_64', 'CentOS 7.4 64位', 'ECS_OS', '操作系统', '', '', '0', '');
INSERT INTO `s_dic` VALUES ('CentOS_7.5_64', 'CentOS 7.5 64位', 'ECS_OS', '操作系统', '', '', '0', '');
INSERT INTO `s_dic` VALUES ('CentOS_7.6_64', 'CentOS 7.6 64位', 'ECS_OS', '操作系统', '', '', '0', '');
INSERT INTO `s_dic` VALUES ('CHK', '校验  ', 'BAT_APP_TYPE', '应用类型', null, null, '0', null);
INSERT INTO `s_dic` VALUES ('CLRTABDAT', '删除数据', 'BAT_CLS_TYPE', '清数方式', null, null, '0', null);
INSERT INTO `s_dic` VALUES ('cmptSrv', '计算服务', 'S_SRVS_LOG_TYPE', '服务日志类型', '1', '0', '0', null);
INSERT INTO `s_dic` VALUES ('cronSrv', '定时调度服务', 'S_SRVS_LOG_TYPE', '服务日志类型', '1', '0', '0', null);
INSERT INTO `s_dic` VALUES ('D', '部署中', 'APP_STATE', '应用状态', null, null, null, null);
INSERT INTO `s_dic` VALUES ('D', '分布式', 'ARCH_TYPE', '架构类型', null, null, null, null);
INSERT INTO `s_dic` VALUES ('D', '天', 'BAT_CYCLE_TYPE', '周期类型', null, null, '0', null);
INSERT INTO `s_dic` VALUES ('DELPATM', '删除最小月区并增加分区', 'BAT_CLS_TYPE', '清数方式', null, null, '0', null);
INSERT INTO `s_dic` VALUES ('dmz', 'dmz区', 'ECS_REGION', 'ecs_region', '', '', '0', '');
INSERT INTO `s_dic` VALUES ('dubbo', 'dubbo', 'JOB_CLASS_TYPE', '作业类类型', null, null, null, null);
INSERT INTO `s_dic` VALUES ('excelSrv', 'Excel服务', 'S_SRVS_LOG_TYPE', '服务日志类型', '1', '0', '0', null);
INSERT INTO `s_dic` VALUES ('F', '已禁用', 'JOB_STATE', '作业状态', '', '', '4', '');
INSERT INTO `s_dic` VALUES ('FTP', 'FTP传送', 'BAT_APP_TYPE', '应用类型', null, null, '0', null);
INSERT INTO `s_dic` VALUES ('ftp', 'FTP协议', 'FILE_SERVER_TYPE', 'FTP协议传输', '', '', null, '');
INSERT INTO `s_dic` VALUES ('GRID', '表格', 'PARAM_CATEGORY', '参数分类', null, null, '0', null);
INSERT INTO `s_dic` VALUES ('hsf', 'hsf', 'JOB_CLASS_TYPE', '作业类类型', null, null, null, null);
INSERT INTO `s_dic` VALUES ('httpSrv', 'HTTP渠道服务', 'S_SRVS_LOG_TYPE', '服务日志类型', '1', '0', '0', null);
INSERT INTO `s_dic` VALUES ('I', 'Integer', 'BAT_PARAM_TYPE', '参数类型', null, null, '0', null);
INSERT INTO `s_dic` VALUES ('init', '初始化', 'ECS_OPER_ACTION', '服务器操作', '', '', '0', '');
INSERT INTO `s_dic` VALUES ('inner', '内网', 'ECS_REGION', 'ecs_region', '', '', '0', '');
INSERT INTO `s_dic` VALUES ('KV', '键值对', 'PARAM_CATEGORY', '参数分类', null, null, '0', null);
INSERT INTO `s_dic` VALUES ('L01', '单线链接', 'LINKED_TYPE', '链接类型', null, null, null, null);
INSERT INTO `s_dic` VALUES ('L02', '分支链接', 'LINKED_TYPE', '链接类型', null, null, null, null);
INSERT INTO `s_dic` VALUES ('LDCRIST', '游标插入', 'BAT_CLS_TYPE', '清数方式', null, null, '0', null);
INSERT INTO `s_dic` VALUES ('LDCRMTAB', '游标处理月表', 'BAT_CLS_TYPE', '清数方式', null, null, '0', null);
INSERT INTO `s_dic` VALUES ('LDCRRPL', '游标替换', 'BAT_CLS_TYPE', '清数方式', null, null, '0', null);
INSERT INTO `s_dic` VALUES ('LDFLIST', '文件插入', 'BAT_CLS_TYPE', '清数方式', null, null, '0', null);
INSERT INTO `s_dic` VALUES ('LDFLRPL', '文件替换', 'BAT_CLS_TYPE', '清数方式', null, null, '0', null);
INSERT INTO `s_dic` VALUES ('local', 'local', 'JOB_CLASS_TYPE', '作业类类型', null, null, null, null);
INSERT INTO `s_dic` VALUES ('M', '月', 'BAT_CYCLE_TYPE', '周期类型', null, null, '0', null);
INSERT INTO `s_dic` VALUES ('N', '禁止', 'BAT_ALLOW_FLAG', '允许/禁止', null, null, '0', null);
INSERT INTO `s_dic` VALUES ('N', '否', 'BAT_YES_OR_NO', '是否', null, null, '0', null);
INSERT INTO `s_dic` VALUES ('N', '否', 'STD_PUB_YN', '是否', null, null, '0', null);
INSERT INTO `s_dic` VALUES ('N01', '开始节点', 'BPM_NODE_TYPE', '流程节点类型', null, null, null, null);
INSERT INTO `s_dic` VALUES ('N02', '任务节点', 'BPM_NODE_TYPE', '流程节点类型', null, null, null, null);
INSERT INTO `s_dic` VALUES ('N99', '结束节点', 'BPM_NODE_TYPE', '流程节点类型', null, null, null, null);
INSERT INTO `s_dic` VALUES ('P', '人工认领', 'ASSIGN_MODE', '分单方式', null, null, null, null);
INSERT INTO `s_dic` VALUES ('pageSrv', '网页访问服务', 'S_SRVS_LOG_TYPE', '服务日志类型', '1', '0', '0', null);
INSERT INTO `s_dic` VALUES ('R', '运行中', 'APP_STATE', '应用状态', null, null, null, null);
INSERT INTO `s_dic` VALUES ('R', '运行中', 'ECS_STATE', '服务器状态', '', '', '0', '');
INSERT INTO `s_dic` VALUES ('R', '运行中', 'JOB_STATE', '作业状态', '', '', '3', '');
INSERT INTO `s_dic` VALUES ('RedHat_6.9_64', 'RedHat 6.9 64位', 'ECS_OS', '操作系统', '', '', '0', '');
INSERT INTO `s_dic` VALUES ('RedHat_7.4_64', 'RedHat 7.4 64位', 'ECS_OS', '操作系统', '', '', '0', '');
INSERT INTO `s_dic` VALUES ('RedHat_7.5_64', 'RedHat 7.5 64位', 'ECS_OS', '操作系统', '', '', '0', '');
INSERT INTO `s_dic` VALUES ('RPT', '组包  ', 'BAT_APP_TYPE', '应用类型', null, null, '0', null);
INSERT INTO `s_dic` VALUES ('S', '已停止', 'APP_STATE', '应用状态', null, null, null, null);
INSERT INTO `s_dic` VALUES ('S', 'SAAS', 'ARCH_TYPE', '架构类型', null, null, null, null);
INSERT INTO `s_dic` VALUES ('S', '系统分单', 'ASSIGN_MODE', '分单方式', null, null, null, null);
INSERT INTO `s_dic` VALUES ('S', '季', 'BAT_CYCLE_TYPE', '周期类型', null, null, '0', null);
INSERT INTO `s_dic` VALUES ('S', 'String ', 'BAT_PARAM_TYPE', '参数类型', null, null, '0', null);
INSERT INTO `s_dic` VALUES ('S', '已停止', 'ECS_STATE', '服务器状态', '', '', '0', '');
INSERT INTO `s_dic` VALUES ('S', '待安排', 'JOB_STATE', '作业状态', '', '', '1', '');
INSERT INTO `s_dic` VALUES ('sftp', 'SFTP协议', 'FILE_SERVER_TYPE', 'SFTP协议传输', '', '', null, '');
INSERT INTO `s_dic` VALUES ('start', '启动', 'ECS_OPER_ACTION', '服务器操作', '', '', '0', '');
INSERT INTO `s_dic` VALUES ('STAT', '统计  ', 'BAT_APP_TYPE', '应用类型', null, null, '0', null);
INSERT INTO `s_dic` VALUES ('stop', '停止', 'ECS_OPER_ACTION', '服务器操作', '', '', '0', '');
INSERT INTO `s_dic` VALUES ('tcpSrv', 'TCP渠道服务', 'S_SRVS_LOG_TYPE', '服务日志类型', '1', '0', '0', null);
INSERT INTO `s_dic` VALUES ('TRANS', '翻译  ', 'BAT_APP_TYPE', '应用类型', null, null, '0', null);
INSERT INTO `s_dic` VALUES ('U', '未初始化', 'ECS_STATE', '服务器状态', '', '', '0', '');
INSERT INTO `s_dic` VALUES ('W', '周', 'BAT_CYCLE_TYPE', '周期类型', null, null, '0', null);
INSERT INTO `s_dic` VALUES ('Y', '允许', 'BAT_ALLOW_FLAG', '允许/禁止', null, null, '0', null);
INSERT INTO `s_dic` VALUES ('Y', '年', 'BAT_CYCLE_TYPE', '周期类型', null, null, '0', null);
INSERT INTO `s_dic` VALUES ('Y', '是', 'BAT_YES_OR_NO', '是否', null, null, '0', null);
INSERT INTO `s_dic` VALUES ('Y', '是', 'STD_PUB_YN', '是否', null, null, '0', null);

-- ----------------------------
-- Records of s_duty
-- ----------------------------
INSERT INTO `s_duty` VALUES ('12', '12', '12', '123', '12', '12', '12', '3', '12', '2020-09-03 08:50:33', '12', null, '2020-09-03 16:39:27', '', '', '');

-- ----------------------------
-- Records of s_inst_license
-- ----------------------------
INSERT INTO `s_inst_license` VALUES ('128.160.14.11', '8080', 'IMSRVS_128.160.14.11_8080', 'IMSRVS', '综合服务系统(正奇综合业务系统)', '正奇金融', '2014-08-08', 'unlimited', 'License file create date:2014-08-08');

-- ----------------------------
-- Records of s_inst_srvs_conf
-- ----------------------------
INSERT INTO `s_inst_srvs_conf` VALUES ('IMSRVS_128.160.14.11_8080_batchSrv', 'batchSrv', 'IMSRVS_128.160.14.11_8080', 'Y', null);
INSERT INTO `s_inst_srvs_conf` VALUES ('IMSRVS_128.160.14.11_8080_cmptSrv', 'cmptSrv', 'IMSRVS_128.160.14.11_8080', 'Y', null);
INSERT INTO `s_inst_srvs_conf` VALUES ('IMSRVS_128.160.14.11_8080_cronSrv', 'cronSrv', 'IMSRVS_128.160.14.11_8080', 'Y', null);
INSERT INTO `s_inst_srvs_conf` VALUES ('IMSRVS_128.160.14.11_8080_excelSrv', 'excelSrv', 'IMSRVS_128.160.14.11_8080', 'Y', null);
INSERT INTO `s_inst_srvs_conf` VALUES ('IMSRVS_128.160.14.11_8080_httpSrv', 'httpSrv', 'IMSRVS_128.160.14.11_8080', 'Y', null);
INSERT INTO `s_inst_srvs_conf` VALUES ('IMSRVS_128.160.14.11_8080_tcpSrv', 'tcpSrv', 'IMSRVS_128.160.14.11_8080', 'Y', null);

-- ----------------------------
-- Records of s_org
-- ----------------------------
INSERT INTO `s_org` VALUES ('12', '12', null, '12', '', null, null, '', '', '2', '', '0', '', '', '', '', null, '', '', null, '', '');

-- ----------------------------
-- Records of s_resource
-- ----------------------------
INSERT INTO `s_resource` VALUES ('appduty', '岗位管理', 'console', 'admin/SDutyList.html', 'bpm-resource', null, null, '2', null, null, null);
INSERT INTO `s_resource` VALUES ('appmonitor', '执行节点管理', 'console', 'devops-console/SAgentInfoList.html', 'subsystem', null, null, '4', null, null, null);
INSERT INTO `s_resource` VALUES ('apporg', '机构管理', 'console', 'admin/SOrgList.html', 'bpm-resource', null, null, '3', null, null, null);
INSERT INTO `s_resource` VALUES ('apprconf', '审批流程配置', 'console', 'devops-console/BpmBaseInfoList.html', 'bpm-conf', null, null, '3', null, null, null);
INSERT INTO `s_resource` VALUES ('appuser', '用户管理', 'console', 'admin/SUserList.html', 'bpm-resource', null, null, '1', null, null, null);
INSERT INTO `s_resource` VALUES ('auprconf', '自动流程配置', 'console', 'devops-console/AutoBpmBaseInfoList.html', 'bpm-conf', null, null, '2', null, null, null);
INSERT INTO `s_resource` VALUES ('bpm-conf', '流程配置', 'console', '', 'sysmanag', null, null, '3', null, null, null);
INSERT INTO `s_resource` VALUES ('bpm-resource', '流程资源', 'console', '', 'bpm-conf', null, null, '9', null, null, null);
INSERT INTO `s_resource` VALUES ('cd', '持续部署', 'console', '', 'cicd', null, null, '1', null, null, null);
INSERT INTO `s_resource` VALUES ('cdprocess', '流程编排', 'console', 'devops-console/CDBpaIndex.html', 'cd', null, null, '1', null, null, null);
INSERT INTO `s_resource` VALUES ('console', '自助运维平台控制台v2.0', 'console', '', 'root', null, null, '1', null, null, null);
INSERT INTO `s_resource` VALUES ('dataops', '数据运维', 'console', 'devops-console/DataOpsIndex.html', 'ops', null, null, '2', null, null, null);
INSERT INTO `s_resource` VALUES ('demo-system', '示例业务系统', 'console', 'devops-console/DevopsIndex.html?subsCode=demo', 'devopsbpa', null, null, '2', null, null, null);
INSERT INTO `s_resource` VALUES ('devopsbpa', '业务系统', 'console', '', 'console', null, null, '1', null, null, null);
INSERT INTO `s_resource` VALUES ('ecs', '服务器管理', 'console', 'devops-console/EcsBaseInfoList.html', 'subsystem', null, null, '3', null, null, null);
INSERT INTO `s_resource` VALUES ('elastic', '弹性伸缩', 'console', 'devops-console/ElasticIndex.html', 'ops', null, null, '3', null, null, null);
INSERT INTO `s_resource` VALUES ('inner', '内部管理作业', 'console', 'devops-console/SSrvsCronConfList.html?subsCode=mp', 'subsystem', '', '', '3', '', '', '');
INSERT INTO `s_resource` VALUES ('manual', '手工部署', 'console', 'devops-console/ManualDeployIndex.html', 'cd', null, null, '2', null, null, null);
INSERT INTO `s_resource` VALUES ('opsprocess', '运维编排', 'console', 'devops-console/OpsBpaIndex.html', 'ops', null, null, '1', null, null, null);
INSERT INTO `s_resource` VALUES ('proadaptsc', '流程适配场景', 'console', 'devops-console/BizAdapterInfoList.html', 'proadapt', null, null, '1', null, null, null);
INSERT INTO `s_resource` VALUES ('propluginfo', '流程插件信息', 'console', 'devops-console/PluginDefineList.html', 'bpm-conf', null, null, '4', null, null, null);
INSERT INTO `s_resource` VALUES ('resmanag', '组织管理', 'console', null, 'sysmanag', null, null, '3', null, null, null);
INSERT INTO `s_resource` VALUES ('rolmanag', '角色管理', 'console', 'admin/SRoleList.html', 'resmanag', null, null, '4', null, null, null);
INSERT INTO `s_resource` VALUES ('root', '根结点', 'console', null, 'node', null, null, '1', null, null, null);
INSERT INTO `s_resource` VALUES ('srvResourceDefine', '资源定义', 'console', 'admin/SResourceList.html', 'resmanag', null, null, '1', null, null, null);
INSERT INTO `s_resource` VALUES ('srvRolePermission', '资源权限', 'console', 'admin/SRolerightList.html', 'resmanag', null, null, '2', null, null, null);
INSERT INTO `s_resource` VALUES ('ssccl', '定时任务管理', 'console', 'devops-console/SSrvsCronConfList.html', 'subsystem', null, null, '3', null, null, null);
INSERT INTO `s_resource` VALUES ('store', '软件仓库管理', 'console', 'devops-console/AgentSoftStore.html', 'subsystem', null, null, '4', null, null, null);
INSERT INTO `s_resource` VALUES ('subsbaseinfo', '业务系统信息', 'console', 'devops-console/SSubsInfoList.html', 'subsystem', null, null, '1', null, null, null);
INSERT INTO `s_resource` VALUES ('subsdicinfo', '系统字典信息', 'console', 'admin/SDicList.html', 'sysset', null, null, '4', null, null, null);
INSERT INTO `s_resource` VALUES ('subsparam', '系统参数信息', 'console', 'devops-console/SParamInfoList.html', 'sysset', null, null, '3', null, null, null);
INSERT INTO `s_resource` VALUES ('subsystem', 'devops平台', 'console', null, 'sysmanag', null, null, '1', null, null, null);
INSERT INTO `s_resource` VALUES ('sysmanag', '平台管理', 'console', null, 'console', null, null, '99', null, null, null);
INSERT INTO `s_resource` VALUES ('sysset', '系统设置', 'console', null, 'sysmanag', null, null, '2', null, null, null);

-- ----------------------------
-- Records of s_resourceaction
-- ----------------------------
INSERT INTO `s_resourceaction` VALUES ('22', 'visit', '菜单访问', '1', null, null);
INSERT INTO `s_resourceaction` VALUES ('appduty', 'add', '增加', '1', null, null);
INSERT INTO `s_resourceaction` VALUES ('appduty', 'remove', '删除', '1', null, null);
INSERT INTO `s_resourceaction` VALUES ('appduty', 'update', '修改', '1', null, null);
INSERT INTO `s_resourceaction` VALUES ('appduty', 'view', '查询', '1', null, null);
INSERT INTO `s_resourceaction` VALUES ('appduty', 'visit', '菜单访问', '1', null, null);
INSERT INTO `s_resourceaction` VALUES ('appmonitor', 'add', '增加', '1', null, null);
INSERT INTO `s_resourceaction` VALUES ('appmonitor', 'remove', '删除', '1', null, null);
INSERT INTO `s_resourceaction` VALUES ('appmonitor', 'update', '修改', '1', null, null);
INSERT INTO `s_resourceaction` VALUES ('appmonitor', 'view', '查询', '1', null, null);
INSERT INTO `s_resourceaction` VALUES ('appmonitor', 'visit', '菜单访问', '1', null, null);
INSERT INTO `s_resourceaction` VALUES ('apporg', 'add', '增加', '1', null, null);
INSERT INTO `s_resourceaction` VALUES ('apporg', 'remove', '删除', '1', null, null);
INSERT INTO `s_resourceaction` VALUES ('apporg', 'update', '修改', '1', null, null);
INSERT INTO `s_resourceaction` VALUES ('apporg', 'view', '查询', '1', null, null);
INSERT INTO `s_resourceaction` VALUES ('apporg', 'visit', '菜单访问', '1', null, null);
INSERT INTO `s_resourceaction` VALUES ('apprconf', 'add', '增加', '1', null, null);
INSERT INTO `s_resourceaction` VALUES ('apprconf', 'remove', '删除', '1', null, null);
INSERT INTO `s_resourceaction` VALUES ('apprconf', 'update', '修改', '1', null, null);
INSERT INTO `s_resourceaction` VALUES ('apprconf', 'view', '查询', '1', null, null);
INSERT INTO `s_resourceaction` VALUES ('apprconf', 'visit', '菜单访问', '1', null, null);
INSERT INTO `s_resourceaction` VALUES ('appuser', 'add', '增加', '1', null, null);
INSERT INTO `s_resourceaction` VALUES ('appuser', 'remove', '删除', '1', null, null);
INSERT INTO `s_resourceaction` VALUES ('appuser', 'update', '修改', '1', null, null);
INSERT INTO `s_resourceaction` VALUES ('appuser', 'view', '查询', '1', null, null);
INSERT INTO `s_resourceaction` VALUES ('appuser', 'visit', '菜单访问', '1', null, null);
INSERT INTO `s_resourceaction` VALUES ('auprconf', 'add', '增加', '1', null, null);
INSERT INTO `s_resourceaction` VALUES ('auprconf', 'remove', '删除', '1', null, null);
INSERT INTO `s_resourceaction` VALUES ('auprconf', 'update', '修改', '1', null, null);
INSERT INTO `s_resourceaction` VALUES ('auprconf', 'view', '查询', '1', null, null);
INSERT INTO `s_resourceaction` VALUES ('auprconf', 'visit', '菜单访问', '1', null, null);
INSERT INTO `s_resourceaction` VALUES ('bpm-conf', 'add', '增加', '1', null, null);
INSERT INTO `s_resourceaction` VALUES ('bpm-conf', 'remove', '删除', '1', null, null);
INSERT INTO `s_resourceaction` VALUES ('bpm-conf', 'update', '修改', '1', null, null);
INSERT INTO `s_resourceaction` VALUES ('bpm-conf', 'view', '查询', '1', null, null);
INSERT INTO `s_resourceaction` VALUES ('bpm-conf', 'visit', '菜单访问', '1', null, null);
INSERT INTO `s_resourceaction` VALUES ('bpm-resource', 'add', '增加', '1', null, null);
INSERT INTO `s_resourceaction` VALUES ('bpm-resource', 'remove', '删除', '1', null, null);
INSERT INTO `s_resourceaction` VALUES ('bpm-resource', 'update', '修改', '1', null, null);
INSERT INTO `s_resourceaction` VALUES ('bpm-resource', 'view', '查询', '1', null, null);
INSERT INTO `s_resourceaction` VALUES ('bpm-resource', 'visit', '菜单访问', '1', null, null);
INSERT INTO `s_resourceaction` VALUES ('cd', 'visit', '菜单访问', null, null, null);
INSERT INTO `s_resourceaction` VALUES ('cdprocess', 'visit', '菜单访问', null, null, null);
INSERT INTO `s_resourceaction` VALUES ('console', 'visit', '菜单访问', null, null, null);
INSERT INTO `s_resourceaction` VALUES ('dataops', 'visit', '菜单访问', null, null, null);
INSERT INTO `s_resourceaction` VALUES ('demo-system', 'visit', '菜单访问', null, null, null);
INSERT INTO `s_resourceaction` VALUES ('devopsbpa', 'visit', '菜单访问', null, null, null);
INSERT INTO `s_resourceaction` VALUES ('ecs', 'visit', '菜单访问', null, null, null);
INSERT INTO `s_resourceaction` VALUES ('elastic', 'visit', '菜单访问', null, null, null);
INSERT INTO `s_resourceaction` VALUES ('inner', 'visit', '菜单访问', '', '', '');
INSERT INTO `s_resourceaction` VALUES ('manual', 'visit', '菜单访问', null, null, null);
INSERT INTO `s_resourceaction` VALUES ('opsprocess', 'visit', '菜单访问', null, null, null);
INSERT INTO `s_resourceaction` VALUES ('PCPZGL', 'visit', '菜单访问', null, null, null);
INSERT INTO `s_resourceaction` VALUES ('proadaptsc', 'add', '增加', '1', null, null);
INSERT INTO `s_resourceaction` VALUES ('proadaptsc', 'remove', '删除', '1', null, null);
INSERT INTO `s_resourceaction` VALUES ('proadaptsc', 'update', '修改', '1', null, null);
INSERT INTO `s_resourceaction` VALUES ('proadaptsc', 'view', '查询', '1', null, null);
INSERT INTO `s_resourceaction` VALUES ('proadaptsc', 'visit', '菜单访问', '1', null, null);
INSERT INTO `s_resourceaction` VALUES ('propluginfo', 'add', '增加', '1', null, null);
INSERT INTO `s_resourceaction` VALUES ('propluginfo', 'remove', '删除', '1', null, null);
INSERT INTO `s_resourceaction` VALUES ('propluginfo', 'update', '修改', '1', null, null);
INSERT INTO `s_resourceaction` VALUES ('propluginfo', 'view', '查询', '1', null, null);
INSERT INTO `s_resourceaction` VALUES ('propluginfo', 'visit', '菜单访问', '1', null, null);
INSERT INTO `s_resourceaction` VALUES ('qweq', 'visit', '菜单访问', null, null, null);
INSERT INTO `s_resourceaction` VALUES ('resmanag', 'add', '增加', '1', null, null);
INSERT INTO `s_resourceaction` VALUES ('resmanag', 'remove', '删除', '1', null, null);
INSERT INTO `s_resourceaction` VALUES ('resmanag', 'update', '修改', '1', null, null);
INSERT INTO `s_resourceaction` VALUES ('resmanag', 'view', '查询', '1', null, null);
INSERT INTO `s_resourceaction` VALUES ('resmanag', 'visit', '菜单访问', '1', null, null);
INSERT INTO `s_resourceaction` VALUES ('rolmanag', 'add', '增加', '1', null, null);
INSERT INTO `s_resourceaction` VALUES ('rolmanag', 'remove', '删除', '1', null, null);
INSERT INTO `s_resourceaction` VALUES ('rolmanag', 'update', '修改', '1', null, null);
INSERT INTO `s_resourceaction` VALUES ('rolmanag', 'view', '查询', '1', null, null);
INSERT INTO `s_resourceaction` VALUES ('rolmanag', 'visit', '菜单访问', '1', null, null);
INSERT INTO `s_resourceaction` VALUES ('root', 'add', '增加', '1', null, null);
INSERT INTO `s_resourceaction` VALUES ('root', 'remove', '删除', '1', null, null);
INSERT INTO `s_resourceaction` VALUES ('root', 'update', '修改', '1', null, null);
INSERT INTO `s_resourceaction` VALUES ('root', 'view', '查询', '1', null, null);
INSERT INTO `s_resourceaction` VALUES ('root', 'visit', '菜单访问', '1', null, null);
INSERT INTO `s_resourceaction` VALUES ('srvResourceDefine', 'add', '增加', '1', null, null);
INSERT INTO `s_resourceaction` VALUES ('srvResourceDefine', 'remove', '删除', '1', null, null);
INSERT INTO `s_resourceaction` VALUES ('srvResourceDefine', 'update', '修改', '1', null, null);
INSERT INTO `s_resourceaction` VALUES ('srvResourceDefine', 'view', '查询', '1', null, null);
INSERT INTO `s_resourceaction` VALUES ('srvResourceDefine', 'visit', '菜单访问', '1', null, null);
INSERT INTO `s_resourceaction` VALUES ('srvRolePermission', 'add', '增加', '1', null, null);
INSERT INTO `s_resourceaction` VALUES ('srvRolePermission', 'remove', '删除', '1', null, null);
INSERT INTO `s_resourceaction` VALUES ('srvRolePermission', 'update', '修改', '1', null, null);
INSERT INTO `s_resourceaction` VALUES ('srvRolePermission', 'view', '查询', '1', null, null);
INSERT INTO `s_resourceaction` VALUES ('srvRolePermission', 'visit', '菜单访问', '1', null, null);
INSERT INTO `s_resourceaction` VALUES ('ssccl', 'add', '增加', '1', null, null);
INSERT INTO `s_resourceaction` VALUES ('ssccl', 'remove', '删除', '1', null, null);
INSERT INTO `s_resourceaction` VALUES ('ssccl', 'update', '修改', '1', null, null);
INSERT INTO `s_resourceaction` VALUES ('ssccl', 'view', '查询', '1', null, null);
INSERT INTO `s_resourceaction` VALUES ('ssccl', 'visit', '菜单访问', '1', null, null);
INSERT INTO `s_resourceaction` VALUES ('store', 'visit', '菜单访问', null, null, null);
INSERT INTO `s_resourceaction` VALUES ('subsbaseinfo', 'add', '增加', '1', null, null);
INSERT INTO `s_resourceaction` VALUES ('subsbaseinfo', 'remove', '删除', '1', null, null);
INSERT INTO `s_resourceaction` VALUES ('subsbaseinfo', 'update', '修改', '1', null, null);
INSERT INTO `s_resourceaction` VALUES ('subsbaseinfo', 'view', '查询', '1', null, null);
INSERT INTO `s_resourceaction` VALUES ('subsbaseinfo', 'visit', '菜单访问', '1', null, null);
INSERT INTO `s_resourceaction` VALUES ('subsdicinfo', 'add', '增加', '1', null, null);
INSERT INTO `s_resourceaction` VALUES ('subsdicinfo', 'remove', '删除', '1', null, null);
INSERT INTO `s_resourceaction` VALUES ('subsdicinfo', 'update', '修改', '1', null, null);
INSERT INTO `s_resourceaction` VALUES ('subsdicinfo', 'view', '查询', '1', null, null);
INSERT INTO `s_resourceaction` VALUES ('subsdicinfo', 'visit', '菜单访问', '1', null, null);
INSERT INTO `s_resourceaction` VALUES ('subsparam', 'add', '增加', '1', null, null);
INSERT INTO `s_resourceaction` VALUES ('subsparam', 'remove', '删除', '1', null, null);
INSERT INTO `s_resourceaction` VALUES ('subsparam', 'update', '修改', '1', null, null);
INSERT INTO `s_resourceaction` VALUES ('subsparam', 'view', '查询', '1', null, null);
INSERT INTO `s_resourceaction` VALUES ('subsparam', 'visit', '菜单访问', '1', null, null);
INSERT INTO `s_resourceaction` VALUES ('subsystem', 'add', '增加', '1', null, null);
INSERT INTO `s_resourceaction` VALUES ('subsystem', 'remove', '删除', '1', null, null);
INSERT INTO `s_resourceaction` VALUES ('subsystem', 'update', '修改', '1', null, null);
INSERT INTO `s_resourceaction` VALUES ('subsystem', 'view', '查询', '1', null, null);
INSERT INTO `s_resourceaction` VALUES ('subsystem', 'visit', '菜单访问', '1', null, null);
INSERT INTO `s_resourceaction` VALUES ('sysmanag', 'add', '增加', '1', null, null);
INSERT INTO `s_resourceaction` VALUES ('sysmanag', 'remove', '删除', '1', null, null);
INSERT INTO `s_resourceaction` VALUES ('sysmanag', 'update', '修改', '1', null, null);
INSERT INTO `s_resourceaction` VALUES ('sysmanag', 'view', '查询', '1', null, null);
INSERT INTO `s_resourceaction` VALUES ('sysmanag', 'visit', '菜单访问', '1', null, null);
INSERT INTO `s_resourceaction` VALUES ('sysset', 'add', '增加', '1', null, null);
INSERT INTO `s_resourceaction` VALUES ('sysset', 'remove', '删除', '1', null, null);
INSERT INTO `s_resourceaction` VALUES ('sysset', 'update', '修改', '1', null, null);
INSERT INTO `s_resourceaction` VALUES ('sysset', 'view', '查询', '1', null, null);
INSERT INTO `s_resourceaction` VALUES ('sysset', 'visit', '菜单访问', '1', null, null);


-- ----------------------------
-- Records of s_role
-- ----------------------------
INSERT INTO `s_role` VALUES ('0999', '后台管理员', '999', '999', '用于登录后台服务系统进行后台服务的管理', null);

-- ----------------------------
-- Records of s_roleright
-- ----------------------------
INSERT INTO `s_roleright` VALUES ('0999', 'sysmanag', 'visit', null, null);
INSERT INTO `s_roleright` VALUES ('0999', 'subsdicinfo', 'visit', null, null);
INSERT INTO `s_roleright` VALUES ('0999', 'subsdicinfo', 'add', null, null);
INSERT INTO `s_roleright` VALUES ('0999', 'subsdicinfo', 'remove', null, null);
INSERT INTO `s_roleright` VALUES ('0999', 'subsdicinfo', 'update', null, null);
INSERT INTO `s_roleright` VALUES ('0999', 'subsdicinfo', 'view', null, null);
INSERT INTO `s_roleright` VALUES ('0999', 'appduty', 'visit', null, null);
INSERT INTO `s_roleright` VALUES ('0999', 'appduty', 'add', null, null);
INSERT INTO `s_roleright` VALUES ('0999', 'appduty', 'remove', null, null);
INSERT INTO `s_roleright` VALUES ('0999', 'appduty', 'update', null, null);
INSERT INTO `s_roleright` VALUES ('0999', 'appduty', 'view', null, null);
INSERT INTO `s_roleright` VALUES ('0999', 'apporg', 'visit', null, null);
INSERT INTO `s_roleright` VALUES ('0999', 'apporg', 'add', null, null);
INSERT INTO `s_roleright` VALUES ('0999', 'apporg', 'remove', null, null);
INSERT INTO `s_roleright` VALUES ('0999', 'apporg', 'update', null, null);
INSERT INTO `s_roleright` VALUES ('0999', 'apporg', 'view', null, null);
INSERT INTO `s_roleright` VALUES ('0999', 'apprconf', 'visit', null, null);
INSERT INTO `s_roleright` VALUES ('0999', 'apprconf', 'add', null, null);
INSERT INTO `s_roleright` VALUES ('0999', 'apprconf', 'remove', null, null);
INSERT INTO `s_roleright` VALUES ('0999', 'apprconf', 'update', null, null);
INSERT INTO `s_roleright` VALUES ('0999', 'apprconf', 'view', null, null);
INSERT INTO `s_roleright` VALUES ('0999', 'appuser', 'visit', null, null);
INSERT INTO `s_roleright` VALUES ('0999', 'appuser', 'add', null, null);
INSERT INTO `s_roleright` VALUES ('0999', 'appuser', 'remove', null, null);
INSERT INTO `s_roleright` VALUES ('0999', 'appuser', 'update', null, null);
INSERT INTO `s_roleright` VALUES ('0999', 'appuser', 'view', null, null);
INSERT INTO `s_roleright` VALUES ('0999', 'auprconf', 'visit', null, null);
INSERT INTO `s_roleright` VALUES ('0999', 'auprconf', 'add', null, null);
INSERT INTO `s_roleright` VALUES ('0999', 'auprconf', 'remove', null, null);
INSERT INTO `s_roleright` VALUES ('0999', 'auprconf', 'update', null, null);
INSERT INTO `s_roleright` VALUES ('0999', 'auprconf', 'view', null, null);
INSERT INTO `s_roleright` VALUES ('0999', 'proadaptsc', 'visit', null, null);
INSERT INTO `s_roleright` VALUES ('0999', 'proadaptsc', 'add', null, null);
INSERT INTO `s_roleright` VALUES ('0999', 'proadaptsc', 'remove', null, null);
INSERT INTO `s_roleright` VALUES ('0999', 'proadaptsc', 'update', null, null);
INSERT INTO `s_roleright` VALUES ('0999', 'proadaptsc', 'view', null, null);
INSERT INTO `s_roleright` VALUES ('0999', 'subsystem', 'visit', null, null);
INSERT INTO `s_roleright` VALUES ('0999', 'root', 'visit', null, null);
INSERT INTO `s_roleright` VALUES ('0999', 'bpm-resource', 'visit', null, null);
INSERT INTO `s_roleright` VALUES ('0999', 'propluginfo', 'visit', null, null);
INSERT INTO `s_roleright` VALUES ('0999', 'propluginfo', 'add', null, null);
INSERT INTO `s_roleright` VALUES ('0999', 'propluginfo', 'remove', null, null);
INSERT INTO `s_roleright` VALUES ('0999', 'propluginfo', 'view', null, null);
INSERT INTO `s_roleright` VALUES ('0999', 'ssccl', 'add', null, null);
INSERT INTO `s_roleright` VALUES ('0999', 'ssccl', 'remove', null, null);
INSERT INTO `s_roleright` VALUES ('0999', 'ssccl', 'visit', null, null);
INSERT INTO `s_roleright` VALUES ('0999', 'subsparam', 'add', null, null);
INSERT INTO `s_roleright` VALUES ('0999', 'subsparam', 'remove', null, null);
INSERT INTO `s_roleright` VALUES ('0999', 'subsparam', 'update', null, null);
INSERT INTO `s_roleright` VALUES ('0999', 'subsparam', 'visit', null, null);
INSERT INTO `s_roleright` VALUES ('0999', 'sysset', 'view', null, null);
INSERT INTO `s_roleright` VALUES ('0999', 'sysset', 'visit', null, null);
INSERT INTO `s_roleright` VALUES ('0999', 'appmonitor', 'add', null, null);
INSERT INTO `s_roleright` VALUES ('0999', 'appmonitor', 'remove', null, null);
INSERT INTO `s_roleright` VALUES ('0999', 'appmonitor', 'view', null, null);
INSERT INTO `s_roleright` VALUES ('0999', 'appmonitor', 'visit', null, null);
INSERT INTO `s_roleright` VALUES ('0999', 'subsbaseinfo', 'add', null, null);
INSERT INTO `s_roleright` VALUES ('0999', 'subsbaseinfo', 'update', null, null);
INSERT INTO `s_roleright` VALUES ('0999', 'subsbaseinfo', 'view', null, null);
INSERT INTO `s_roleright` VALUES ('0999', 'subsbaseinfo', 'visit', null, null);
INSERT INTO `s_roleright` VALUES ('0999', 'srvRolePermission', 'add', null, null);
INSERT INTO `s_roleright` VALUES ('0999', 'srvRolePermission', 'remove', null, null);
INSERT INTO `s_roleright` VALUES ('0999', 'srvRolePermission', 'update', null, null);
INSERT INTO `s_roleright` VALUES ('0999', 'srvRolePermission', 'visit', null, null);
INSERT INTO `s_roleright` VALUES ('0999', 'srvResourceDefine', 'add', null, null);
INSERT INTO `s_roleright` VALUES ('0999', 'srvResourceDefine', 'update', null, null);
INSERT INTO `s_roleright` VALUES ('0999', 'srvResourceDefine', 'view', null, null);
INSERT INTO `s_roleright` VALUES ('0999', 'srvResourceDefine', 'visit', null, null);
INSERT INTO `s_roleright` VALUES ('0999', 'rolmanag', 'add', null, null);
INSERT INTO `s_roleright` VALUES ('0999', 'rolmanag', 'remove', null, null);
INSERT INTO `s_roleright` VALUES ('0999', 'rolmanag', 'update', null, null);
INSERT INTO `s_roleright` VALUES ('0999', 'rolmanag', 'visit', null, null);
INSERT INTO `s_roleright` VALUES ('0999', 'resmanag', 'view', null, null);
INSERT INTO `s_roleright` VALUES ('0999', 'resmanag', 'visit', null, null);
INSERT INTO `s_roleright` VALUES ('0999', 'bpm-conf', 'view', null, null);
INSERT INTO `s_roleright` VALUES ('0999', 'bpm-conf', 'visit', null, null);
INSERT INTO `s_roleright` VALUES ('0999', '22', 'visit', null, null);
INSERT INTO `s_roleright` VALUES ('0999', 'qweq', 'visit', null, null);
INSERT INTO `s_roleright` VALUES ('0999', 'cdprocess', 'visit', null, null);
INSERT INTO `s_roleright` VALUES ('0999', 'manual', 'visit', null, null);
INSERT INTO `s_roleright` VALUES ('0999', 'cd', 'visit', null, null);
INSERT INTO `s_roleright` VALUES ('0999', 'opsprocess', 'visit', null, null);
INSERT INTO `s_roleright` VALUES ('0999', 'dataops', 'visit', null, null);
INSERT INTO `s_roleright` VALUES ('0999', 'elastic', 'visit', null, null);
INSERT INTO `s_roleright` VALUES ('0999', 'ecs', 'visit', null, null);
INSERT INTO `s_roleright` VALUES ('0999', 'store', 'visit', null, null);
INSERT INTO `s_roleright` VALUES ('0999', 'devopsbpa', 'visit', null, null);
INSERT INTO `s_roleright` VALUES ('0999', 'console', 'visit', null, null);
INSERT INTO `s_roleright` VALUES ('0999', 'PCPZGL', 'visit', null, null);
INSERT INTO `s_roleright` VALUES ('0999', 'inner', 'visit', null, '');
INSERT INTO `s_roleright` VALUES ('0999', 'demo-system', 'visit', null, null);

-- ----------------------------
-- Records of s_roleuser
-- ----------------------------
INSERT INTO `s_roleuser` VALUES ('0999', 'chensm', null, null);
INSERT INTO `s_roleuser` VALUES ('0999', 'srvadmin', '1', '');

-- ----------------------------
-- Records of s_srvs_cron_conf
-- ----------------------------
INSERT INTO `s_srvs_cron_conf` VALUES ('04C250B22ED0492BBB2ED2D5072F8B8B', '', 'local', 'com.irdstudio.bpm.sdk.agent.job.BpaCronStarter', 'doExcetue', '', '', null, '0 */1 * * * ?', '3', '60', 'agent01', '', null, 'demo', 'A', '2020-12-10 17:08:00', '2020-12-10 17:09:00', '0.09');
INSERT INTO `s_srvs_cron_conf` VALUES ('6310989D38004D0CBD423B7AE1ECED9A', '', 'local', 'com.irdstudio.bpm.sdk.agent.job.BatchStarter', 'doExcetue', '', '', null, '0 */1 * * * ?', '3', '60', 'agent01', '', null, 'sls', 'A', '2020-12-10 17:08:00', '2020-12-10 17:09:00', '0.07');
INSERT INTO `s_srvs_cron_conf` VALUES ('console-executor', '7天前流程数据转移到历史表', 'local', 'com.irdstudio.bfp.executor.rest.job.MpToHistory', 'doExcetue', '', '', null, '0 */1 * * * ?', '3', '60', 'console-executor', '', null, 'console', 'F', '2020-12-11 16:46:37', '2020-12-11 16:47:00', '0.28');
INSERT INTO `s_srvs_cron_conf` VALUES ('E68EB83CF734432796117C5B73D18F72', null, 'local', 'com.irdstudio.bpm.sdk.agent.job.BpaCronStarter', 'doExcetue', '', '', null, '0 */1 * * * ?', '3', '60', 'agent01', '', null, 'demo', 'A', '2020-12-10 17:08:00', '2020-12-10 17:09:00', '0.09');

-- ----------------------------
-- Records of s_srvs_cron_inst
-- ----------------------------
INSERT INTO `s_srvs_cron_inst` VALUES ('2BD38B1C7D19460DB4D673E13CD9E6B3', '', '2', '2020-11-10 23:12:00', '2020-11-10 23:12:07', '7.52', 'agent01', '');
INSERT INTO `s_srvs_cron_inst` VALUES ('6310989D38004D0CBD423B7AE1ECED9A', '', '2', '2020-11-11 00:23:10', '2020-11-11 00:23:10', '0.83', 'agent01', '');

-- ----------------------------
-- Records of s_subs_datasource
-- ----------------------------
INSERT INTO `s_subs_datasource` VALUES ('demo', 'localhost', '示例数据库', 'jdbc:mysql://localhost:3306/devops_console', 'root', 'lwc123456', 'devops_console', 'devops_console', '05');
-- ----------------------------
-- Records of s_subs_info
-- ----------------------------
INSERT INTO `s_subs_info` VALUES ('console', '自助运维平台控制台v2.0', '', '', '', '', '', '', '', '1');
INSERT INTO `s_subs_info` VALUES ('demo', '示例业务系统', '', '', '', '', '', '', '', '2');

-- ----------------------------
-- Records of s_user
-- ----------------------------
INSERT INTO `s_user` VALUES ('srvadmin', null, '后台服务管理员', '后台服务管理员', '1', '269eff6b0cb4d45ab66e7e820b2aeb57', '2014-03-25', '2020-03-25', null, '2018-08-15', null, null, 'bpm', null, null, null, null, null, 'Y', '用于后台服务监控及管理', null, null, null, null, '4', '7', null, null, null, null, null, null, null, null, null);
